y_true,y_pred,prob_0,prob_1,prob_2,prob_3,prob_4,prob_5,prob_6,prob_7,prob_8,prob_9
3,3,0.0019157558,0.0012424041,0.0057425178,0.97006065,0.0028664,0.0037047074,0.0078361705,0.002229022,0.0016478688,0.0027545125
3,3,0.0022177575,0.0018092568,0.0072716493,0.9592136,0.0040485007,0.0030343418,0.01389716,0.0015128697,0.0019159112,0.005078885
3,3,0.002928268,0.0027447187,0.013921966,0.94043165,0.0076022884,0.0032563861,0.016716208,0.0016242987,0.0035522652,0.007221973
5,2,0.026456818,0.08634577,0.2767208,0.07004571,0.03547064,0.13241205,0.032814823,0.20991366,0.046940845,0.082878925
5,7,0.030211097,0.052960552,0.10842786,0.08318097,0.034423884,0.24038918,0.034037787,0.32462755,0.031149847,0.060591176
5,2,0.037823953,0.099193506,0.24375616,0.046443686,0.0293796,0.10308654,0.02719343,0.24200381,0.034181856,0.13693748
1,1,0.006430782,0.8883803,0.0040349867,0.006814917,0.00332706,0.005217948,0.0030180118,0.005804857,0.011582376,0.06538879
1,1,0.002447194,0.9251689,0.0028773102,0.0040166443,0.00222209,0.0033479126,0.002169558,0.0049904045,0.004440219,0.048319824
3,3,0.0010444126,0.0010887623,0.0048746318,0.97558016,0.002481385,0.0016060899,0.007997303,0.00095154456,0.0011055572,0.0032701222
3,3,0.0037306591,0.0047085644,0.01987966,0.92479855,0.010709328,0.0035542548,0.014098198,0.0031443748,0.006798122,0.008578389
3,3,0.0062645203,0.0099111935,0.03368099,0.8616699,0.009150397,0.017896397,0.01261657,0.022036953,0.005856279,0.02091685
3,3,0.0008521143,0.0009377164,0.0057172687,0.97880507,0.0015268006,0.002477154,0.0047103995,0.0012277515,0.0008508329,0.0028950686
3,3,0.009346958,0.00794385,0.018678494,0.874287,0.010109204,0.023105169,0.014906342,0.017268743,0.00827086,0.016083358
3,3,0.0022465186,0.0015978329,0.008953133,0.9649325,0.0025272288,0.006763079,0.004710589,0.0042304676,0.0013337324,0.0027048732
5,5,0.001530219,0.0013521706,0.0004974225,0.004141317,0.0016692476,0.9748515,0.0026437354,0.009704126,0.0027145464,0.0008957538
5,5,0.0022562707,0.0020475318,0.00082554447,0.0054157446,0.0024208457,0.9633354,0.0033914999,0.015309783,0.0036680717,0.0013294268
5,5,0.0015476464,0.0014386576,0.0005181586,0.004273245,0.0016970949,0.9742581,0.0026379996,0.010156693,0.0025401434,0.00093223277
5,5,0.002017041,0.0017393949,0.00064599403,0.004868477,0.0020992926,0.967923,0.0031141187,0.012968964,0.0034169056,0.001206851
5,5,0.0021673278,0.0016493263,0.00055538665,0.005373378,0.0016892676,0.9702277,0.0028871177,0.0112789385,0.0028508499,0.0013207243
5,5,0.0024247586,0.0017919898,0.0006289009,0.0052764756,0.0020199616,0.9673336,0.0033826686,0.01214964,0.0035558161,0.0014361707
5,5,0.0025723965,0.0017451274,0.0005623868,0.0050613442,0.0019322244,0.96956706,0.0028814164,0.010953063,0.0033662247,0.0013587761
5,5,0.0019629064,0.0013992052,0.0004617432,0.00481938,0.00152273,0.9735704,0.0026026033,0.009682177,0.002778014,0.0012007662
5,5,0.00197626,0.0015014353,0.00055723387,0.005304923,0.0017701947,0.9690617,0.0030527923,0.012162067,0.003261365,0.001351953
5,5,0.0013517237,0.0009603821,0.00033389594,0.003598165,0.0011903282,0.97970897,0.0018520794,0.007802999,0.0022606843,0.0009407891
5,5,0.0022245804,0.0013861691,0.000475487,0.0044834916,0.0017824321,0.97260755,0.002786356,0.009027204,0.0037574733,0.0014693072
5,5,0.0013542462,0.001183229,0.0003948063,0.0039242506,0.0015006159,0.977698,0.0025429411,0.007952928,0.0025764622,0.0008725295
5,5,0.0019584424,0.0015443758,0.0005273623,0.0048351283,0.0016697512,0.971809,0.0027807488,0.010532189,0.003100231,0.0012426728
5,5,0.0015749874,0.0014389681,0.0005115072,0.0042051924,0.0017518051,0.973824,0.0026321835,0.010469199,0.002637854,0.00095423707
5,5,0.0025431246,0.0021280206,0.00081162114,0.0054733222,0.0026525413,0.961158,0.003585924,0.015998833,0.0041850335,0.0014637302
5,5,0.0018782179,0.0015158495,0.0005558576,0.005293424,0.0016399333,0.97028023,0.0029487752,0.011749155,0.0029023362,0.0012362391
5,5,0.0019428376,0.0014869604,0.0005051087,0.004586268,0.0017335191,0.97274685,0.0027578932,0.010065313,0.0030094571,0.0011657965
5,5,0.0026192213,0.0018212636,0.00060044636,0.005265015,0.0020374553,0.96783656,0.0029074163,0.0120509975,0.0034282003,0.0014335207
5,5,0.0018139627,0.0013342942,0.00046497464,0.0046240347,0.0015611632,0.97399694,0.002700596,0.009505359,0.0028492769,0.00114925
5,5,0.0018431344,0.0013717399,0.00046905,0.005107558,0.0015478547,0.9730136,0.002597623,0.010247261,0.0025787528,0.001223478
5,5,0.0016684273,0.001134531,0.00038788858,0.0041900575,0.0013734367,0.976714,0.002156101,0.008681106,0.002608687,0.0010857263
5,5,0.0019622506,0.0013066083,0.00046996944,0.0042909016,0.00173466,0.97285855,0.0031418486,0.008821037,0.0040673856,0.0013468143
5,5,0.002362032,0.0017582256,0.0006104284,0.005115199,0.0020237043,0.96759206,0.003283298,0.012048414,0.003845159,0.0013614538
5,5,0.002789131,0.0018825772,0.00064307003,0.0050267265,0.0020991664,0.9673601,0.003208192,0.01173777,0.0037156276,0.0015376721
5,5,0.0018334134,0.0012164281,0.0004199223,0.0040059006,0.001569989,0.97649163,0.002315449,0.0077412436,0.0032648346,0.0011411945
5,5,0.0019511376,0.0014544446,0.0005758521,0.0047205323,0.0018966232,0.9693607,0.0029813084,0.012056154,0.0037343325,0.0012689376
5,5,0.0014321625,0.0011020179,0.00041330815,0.004090585,0.0012935481,0.97641164,0.0021609874,0.009668352,0.002407019,0.0010203666
5,5,0.0017933459,0.0010753402,0.00035175067,0.0036218031,0.0014660024,0.9784854,0.0020769734,0.0066236523,0.0033509766,0.0011547921
5,5,0.0013972075,0.0010701688,0.00036374127,0.0036136715,0.0014943082,0.9786301,0.0023885367,0.007170053,0.0029734238,0.00089886267
5,5,0.042315885,0.014346901,0.004465429,0.018752882,0.017776182,0.8205557,0.013169845,0.028166283,0.027024522,0.013426435
5,5,0.020981243,0.007968222,0.0028229882,0.011277166,0.009801061,0.88748276,0.009832466,0.026156673,0.015324662,0.008352735
5,5,0.16585521,0.021600744,0.008935593,0.021206258,0.012331735,0.6732787,0.021255914,0.02542865,0.02471574,0.025391458
5,5,0.07526836,0.014018978,0.0045688213,0.016450856,0.008537428,0.7966244,0.017565116,0.02548129,0.022118501,0.019366186
5,5,0.009560476,0.0043676705,0.0017396971,0.00844033,0.008299556,0.9173363,0.0073630465,0.020815888,0.017281318,0.004795672
5,5,0.0034184316,0.0018638017,0.00077937264,0.005133225,0.003151684,0.9635204,0.00363278,0.01066647,0.0061745537,0.0016592542
5,5,0.0049825977,0.0030109477,0.0010589978,0.0065948404,0.0036824169,0.95154464,0.00450143,0.014824489,0.0070996387,0.002700018
5,5,0.011170861,0.0052924124,0.0015087941,0.011922127,0.005199287,0.92373127,0.007008382,0.020686861,0.00868011,0.00479984
5,7,0.15059893,0.087830625,0.049077567,0.036724184,0.03771344,0.16399045,0.042809498,0.19499737,0.059019428,0.17723851
5,5,0.0036858683,0.0019740013,0.00093835813,0.0037809075,0.0028515668,0.9659104,0.0023133415,0.011651047,0.005433728,0.0014608733
5,5,0.0075823576,0.0031999482,0.0012115503,0.005740237,0.003624331,0.9540103,0.0035603994,0.009642439,0.008764586,0.0026638622
5,5,0.10508022,0.016716262,0.003806352,0.011247731,0.0080518145,0.7972577,0.013561047,0.016780593,0.01545922,0.012038944
5,5,0.13030505,0.062027395,0.015189949,0.041761708,0.054761197,0.47012413,0.02764541,0.14675404,0.03361156,0.017819539
5,0,0.4671819,0.039819628,0.015402417,0.013675626,0.02861104,0.31234398,0.01834162,0.025043484,0.04575057,0.033829734
5,5,0.11366031,0.025833743,0.0064399755,0.017196404,0.019898266,0.70073783,0.019513536,0.050126214,0.02752231,0.01907142
5,5,0.23612589,0.026138652,0.008132708,0.018491099,0.019599866,0.5593075,0.017846357,0.06306135,0.036415704,0.014880832
5,5,0.118915,0.045202542,0.008404836,0.03525172,0.026005626,0.57149285,0.026984746,0.06302455,0.07885142,0.025866734
5,5,0.10889307,0.035575233,0.011369822,0.03715969,0.022720482,0.5900643,0.022955444,0.07782066,0.050408494,0.043032896
5,1,0.08010456,0.2908595,0.023335487,0.065345205,0.1390524,0.10601983,0.056444693,0.15381788,0.05380306,0.031217383
5,4,0.02164763,0.11711681,0.016759247,0.072041124,0.29373175,0.05959149,0.1619024,0.20000896,0.03465787,0.02254269
5,5,0.041633595,0.02306641,0.008114881,0.03344968,0.033434216,0.55009294,0.010558925,0.2807657,0.01129316,0.0075904815
5,7,0.04508566,0.020146485,0.014747675,0.029940238,0.049993355,0.2518203,0.0133544495,0.55881107,0.010282495,0.005818232
5,7,0.062471278,0.026203632,0.01874144,0.024651209,0.09247991,0.31423584,0.014692665,0.42029828,0.019130675,0.007094952
5,5,0.085594326,0.03004773,0.0129748555,0.026546475,0.06288007,0.46677127,0.015532482,0.2714281,0.02126383,0.0069608497
5,5,0.10632737,0.0254523,0.013855646,0.02714536,0.04595533,0.39735028,0.017023161,0.34103644,0.019177103,0.0066770143
3,3,0.0027599423,0.0037865047,0.012361066,0.95047176,0.0046657315,0.0040332684,0.008834144,0.0035542725,0.0035129592,0.0060204165
3,3,0.0023620438,0.00345214,0.011678321,0.955039,0.004037483,0.0033167559,0.008856985,0.0025946875,0.003063215,0.005599348
9,9,0.01515595,0.007769072,0.012716544,0.0056422916,0.0009995656,0.0039020164,0.007815667,0.0070610647,0.0048548877,0.93408287
9,9,0.0118228085,0.010838805,0.017099718,0.0058868136,0.00079956045,0.002792511,0.005439653,0.007851394,0.0064968453,0.9309719
9,9,0.00915677,0.0054935776,0.009010399,0.0023970236,0.0003452405,0.0015719696,0.0033456718,0.0056758756,0.003263697,0.95973986
9,9,0.012831675,0.02236448,0.021710522,0.011911655,0.0012341072,0.004880872,0.0073138173,0.009714237,0.009981694,0.8980569
9,9,0.013974655,0.012723268,0.012353449,0.006679899,0.0007636654,0.0040851766,0.004424117,0.0067804116,0.004819675,0.9333957
9,9,0.021136275,0.02614366,0.01908982,0.009182125,0.0012427086,0.0049460963,0.007012024,0.007684653,0.01367359,0.88988906
8,8,0.032086886,0.044697803,0.02657266,0.02076892,0.18942788,0.11685973,0.026368987,0.03680558,0.48285827,0.023553248
8,8,0.010885513,0.009305836,0.0065312306,0.0030228328,0.0066928864,0.019265752,0.0053818533,0.0048769787,0.92107403,0.012963003
8,8,0.014640741,0.0125221005,0.008799608,0.0046536895,0.006811561,0.01662597,0.0064968197,0.005279639,0.9056385,0.018531283
8,8,0.033720274,0.064494394,0.029128551,0.024468353,0.043389466,0.04176633,0.028219964,0.024487773,0.66210407,0.04822078
8,1,0.042856935,0.27816755,0.08683373,0.046516817,0.05909173,0.037120357,0.047237393,0.07239703,0.18737791,0.14240058
8,8,0.010825711,0.008184305,0.0043139444,0.0023555136,0.002973738,0.010627876,0.0041070036,0.0032358987,0.94005775,0.01331836
8,8,0.017613387,0.014814189,0.007407063,0.004275802,0.006014398,0.016535588,0.008005688,0.0052900994,0.8998398,0.020203946
8,8,0.042718194,0.030759728,0.040957697,0.015176174,0.029605485,0.03398595,0.019986423,0.01716941,0.7115335,0.05810745
8,8,0.02177174,0.020988552,0.013776057,0.008743773,0.018482652,0.03204812,0.010608372,0.011002862,0.83647585,0.026102025
8,8,0.012199748,0.009525289,0.0066132005,0.0047128918,0.007172508,0.013725667,0.004397261,0.0030197562,0.9267441,0.0118896365
8,8,0.01030741,0.008232633,0.0046374477,0.0028698465,0.003562548,0.010446181,0.003428947,0.0027205595,0.94192207,0.011872403
8,8,0.020388028,0.018197265,0.01124454,0.0074596675,0.014484587,0.02702553,0.007966755,0.006996314,0.8652723,0.020965025
8,8,0.014175317,0.011725052,0.009185653,0.0039094165,0.007227829,0.019127926,0.005395324,0.005732781,0.9043632,0.01915744
3,4,0.11814031,0.08491889,0.045323167,0.11731694,0.32105622,0.09175836,0.057530403,0.068272814,0.06952206,0.026160838
3,4,0.11313785,0.0737223,0.0502133,0.12510353,0.29637805,0.10535486,0.056232497,0.05623501,0.09273862,0.030883998
3,4,0.14902404,0.08098944,0.04134961,0.1256115,0.16307281,0.14553271,0.05065737,0.06508141,0.14194427,0.036736917
3,4,0.050917488,0.07123492,0.02226134,0.045582514,0.6398308,0.028164648,0.03480772,0.023092976,0.06887238,0.015235145
1,1,0.0037560624,0.9295618,0.004664289,0.003747293,0.0031795995,0.003987565,0.0029643613,0.008426896,0.006043889,0.03366826
1,1,0.0047983513,0.88260704,0.009487983,0.0067948187,0.013730526,0.0062181917,0.009799028,0.022979796,0.007846787,0.035737608
1,1,0.0023669305,0.9522134,0.002165994,0.0023082958,0.0017409438,0.0027833274,0.0014155549,0.003963668,0.0030213944,0.028020322
1,1,0.0024628744,0.9359864,0.0041352967,0.0033454003,0.0024100726,0.0029095586,0.0024202634,0.006668419,0.004548267,0.035113454
1,1,0.00460967,0.91380775,0.004442088,0.0052116574,0.0036498592,0.004577849,0.003475757,0.0070734974,0.008079397,0.04507239
7,5,0.02331489,0.037669487,0.024415124,0.03437795,0.16788998,0.3263712,0.055633318,0.24052304,0.067010604,0.022794424
7,5,0.030286536,0.027444867,0.020147754,0.045405578,0.06775462,0.50203025,0.04364645,0.19187388,0.052019946,0.019390143
7,7,0.0416226,0.02764051,0.01847382,0.035604857,0.052460928,0.19389579,0.025209082,0.54912716,0.030888852,0.02507646
7,7,0.04961798,0.06004493,0.02395882,0.041919265,0.15509868,0.25505924,0.062207673,0.26180795,0.06450593,0.025779571
7,4,0.0149876345,0.048670072,0.02301587,0.025181027,0.36031342,0.12658441,0.06857601,0.22533247,0.076811835,0.030527208
7,4,0.012921357,0.048250083,0.018849667,0.020307114,0.54921997,0.08719697,0.055850614,0.14908095,0.044500656,0.013822601
7,4,0.01947837,0.048678007,0.021676246,0.028515607,0.60047406,0.06781778,0.057460263,0.08174637,0.056001008,0.018152269
7,4,0.0073477915,0.014248635,0.011155262,0.013261275,0.900208,0.0119005395,0.013679448,0.009644218,0.016259719,0.002295133
7,4,0.019419996,0.036774352,0.026616829,0.025050817,0.74181455,0.038009252,0.028841652,0.031399082,0.04253069,0.009542803
7,7,0.042763583,0.06456381,0.023316199,0.029045692,0.20398007,0.19031736,0.0326894,0.36298287,0.032261517,0.018079512
7,7,0.020980239,0.051943406,0.040582627,0.04645603,0.21334733,0.11472622,0.065507926,0.36507234,0.048390213,0.03299362
7,7,0.020593505,0.0448713,0.04318757,0.042507242,0.2235423,0.18418625,0.059566665,0.3039396,0.05181821,0.025787296
7,7,0.023797343,0.04245355,0.030500667,0.033162206,0.13328125,0.10622711,0.042311385,0.5084722,0.043907203,0.035887092
7,7,0.013754348,0.045263626,0.03364165,0.02375424,0.16302265,0.10247893,0.038374502,0.5282871,0.029915553,0.021507379
7,4,0.011742064,0.05536835,0.024396159,0.017068377,0.5261699,0.062499233,0.05004201,0.19303007,0.04052392,0.01915996
7,4,0.010287893,0.029657906,0.013601365,0.014449445,0.7902748,0.038426206,0.0289111,0.032478325,0.035028186,0.006884877
7,4,0.016474897,0.035170045,0.021668958,0.026000982,0.76814264,0.027103433,0.03562156,0.02678956,0.03537246,0.0076554064
7,4,0.019097423,0.06282706,0.030125322,0.026996618,0.33820876,0.09021942,0.07205998,0.26499537,0.059129946,0.036340084
7,7,0.02265103,0.054820564,0.038744103,0.043157473,0.2616289,0.114220016,0.0469505,0.3488097,0.038818404,0.030199358
7,4,0.010556725,0.051005922,0.01885909,0.018124782,0.5818957,0.0695791,0.055316277,0.13970722,0.040570956,0.014384319
7,4,0.022773273,0.042461593,0.027954191,0.04088321,0.26338586,0.20487238,0.06639691,0.23951568,0.0640104,0.02774652
7,4,0.026049852,0.041843005,0.017233195,0.024034265,0.64311427,0.0785057,0.04311867,0.052557588,0.0611974,0.012346096
7,4,0.02503463,0.04408735,0.014959605,0.01678791,0.7383061,0.044518527,0.035295263,0.033335,0.040510733,0.007164791
7,4,0.023568746,0.056820847,0.018907214,0.025013769,0.43563217,0.12102742,0.07606521,0.14759141,0.074960485,0.02041269
7,7,0.023594927,0.03175343,0.02461197,0.043229505,0.09995399,0.2994558,0.055965103,0.35152072,0.04495023,0.024964305
7,5,0.029760469,0.02753789,0.016814739,0.03796474,0.076957226,0.52356225,0.040528823,0.17139676,0.054046657,0.021430397
7,7,0.049832143,0.042840403,0.02686777,0.036967102,0.10896019,0.2547682,0.035275795,0.38719434,0.039174996,0.018119063
7,7,0.01950617,0.044244867,0.01700493,0.01678099,0.07344714,0.06263433,0.032314792,0.6939437,0.019173853,0.020949284
7,4,0.013052108,0.036277793,0.017791823,0.021116935,0.70059294,0.046374414,0.05254392,0.04511425,0.05644315,0.010692673
7,4,0.022358924,0.049024776,0.031082354,0.048638873,0.28246948,0.15904172,0.06623832,0.27192003,0.048471376,0.02075408
7,4,0.02069767,0.034961488,0.020703115,0.030330377,0.78176564,0.023115043,0.030494068,0.02425399,0.027166551,0.006512036
7,4,0.024550254,0.04273833,0.023085423,0.025376294,0.6926251,0.052194394,0.037538573,0.038815398,0.052179273,0.010896995
7,4,0.015998028,0.03631058,0.016044525,0.024592204,0.75687766,0.031387944,0.043748166,0.031935498,0.035395876,0.0077096294
7,4,0.02950034,0.053240154,0.023286335,0.032166533,0.46326864,0.14760043,0.06088047,0.08877865,0.08241056,0.018867802
7,4,0.031068828,0.056589134,0.024063425,0.034789,0.5428899,0.09846351,0.058105618,0.07482114,0.06298792,0.016221508
7,7,0.023326099,0.05399636,0.02340361,0.023861857,0.15506992,0.11404755,0.036863603,0.5221884,0.02757928,0.01966327
7,7,0.02797503,0.056408662,0.016559277,0.029388994,0.21959534,0.110556856,0.036161717,0.46136558,0.025515355,0.016473286
7,4,0.032045357,0.06459612,0.026993187,0.04407581,0.5175177,0.06416336,0.06453088,0.11334886,0.05035254,0.022376176
7,4,0.03532523,0.057486497,0.035669092,0.05364801,0.34189966,0.11300441,0.078853175,0.18275164,0.071206465,0.03015587
7,4,0.026145602,0.05395324,0.031221258,0.054222263,0.28355783,0.16526617,0.09055239,0.20283093,0.06517732,0.027072972
7,4,0.020547409,0.05925289,0.02072622,0.028305344,0.628566,0.049749,0.06118602,0.06901633,0.0455715,0.017079286
7,5,0.02795193,0.03894191,0.019129325,0.029985923,0.12924616,0.4658678,0.03911104,0.18336704,0.050116044,0.016282812
7,5,0.034212157,0.026713978,0.012992783,0.032275427,0.040553324,0.6336959,0.024111256,0.15985332,0.026468378,0.009123462
7,5,0.046823304,0.024426578,0.009593743,0.019957246,0.029092116,0.7493786,0.0148056485,0.07233782,0.026273144,0.007311813
7,5,0.05284584,0.02996917,0.01571129,0.029318206,0.039744183,0.53310364,0.020811332,0.24129558,0.02779437,0.0094064465
9,9,0.026984371,0.039183784,0.024877815,0.037432402,0.004228893,0.012808933,0.018095868,0.013960181,0.039330326,0.78309745
9,9,0.016478188,0.014558909,0.01889284,0.011615254,0.0014242046,0.004377633,0.011623881,0.008543846,0.014436005,0.8980492
9,9,0.02805963,0.022135029,0.032380167,0.021552928,0.0041085235,0.01020914,0.020763723,0.015237383,0.016477179,0.82907635
9,9,0.039164517,0.016012149,0.01781722,0.027285386,0.00525327,0.016293203,0.018016387,0.02010803,0.019710382,0.8203395
9,9,0.019519934,0.021778446,0.017138956,0.02044296,0.0020308765,0.00820267,0.0109327175,0.00999732,0.017537605,0.8724186
9,9,0.025486398,0.019034581,0.024939096,0.015452918,0.0027340048,0.0077294763,0.0138866715,0.015281197,0.018141959,0.85731363
9,9,0.013817515,0.018021343,0.020142628,0.012415518,0.0012832658,0.00476159,0.0091819,0.008932121,0.014296369,0.8971478
6,6,0.0008435339,0.0016320104,0.0022353702,0.006116162,0.0031944392,0.0030217082,0.9733742,0.0005999962,0.0044617853,0.00452073
2,2,0.002038217,0.0019149872,0.97281545,0.004225592,0.0032735018,0.0005970405,0.00204665,0.0057160375,0.0023601705,0.005012254
2,2,0.0011030883,0.0021563808,0.97234285,0.0028162878,0.0020525102,0.00045081085,0.001490332,0.008806316,0.0017767171,0.0070046247
2,2,0.0021068219,0.0014469381,0.973367,0.0023298918,0.0017580348,0.0003202395,0.002171402,0.004242474,0.0012397817,0.011017513
2,2,0.0044618333,0.00292422,0.9251935,0.015828993,0.017270742,0.001548028,0.007441671,0.009573505,0.0046250345,0.011132511
2,2,0.0025051741,0.0025250176,0.9594481,0.012387033,0.0047153295,0.0006869734,0.0033963148,0.005857023,0.0026739207,0.005804996
2,2,0.005268422,0.007616533,0.872777,0.05717761,0.0091614565,0.0015778099,0.008825897,0.009657485,0.007336098,0.020601658
2,2,0.0032994382,0.0023144195,0.94826066,0.011647332,0.0077853603,0.0010537866,0.00450746,0.00784049,0.005057841,0.008233105
2,2,0.004271195,0.0073154783,0.906756,0.021107195,0.0095037585,0.0025370982,0.007342846,0.015946848,0.008141471,0.017078066
8,8,0.010977897,0.0061885053,0.0039959997,0.0024181034,0.0036826446,0.014272777,0.0039745965,0.004333273,0.9377606,0.012395639
8,8,0.008719307,0.004869179,0.0036169107,0.0016570736,0.0027751764,0.01140087,0.0032733516,0.0036110051,0.9482938,0.011783308
8,8,0.00917648,0.0051350724,0.0037824921,0.0017958417,0.0029083441,0.011739112,0.0035221954,0.003781008,0.9459817,0.01217781
8,8,0.011256011,0.006785175,0.004583161,0.0024607906,0.0032547105,0.012182447,0.0039244066,0.004133179,0.9369768,0.0144432895
8,8,0.007919822,0.005934383,0.004133214,0.002091808,0.0035994088,0.011929055,0.0041729687,0.003673288,0.9460904,0.010455615
8,8,0.009398909,0.0069171707,0.0042909463,0.0023978464,0.0039595813,0.013349323,0.0046591824,0.0040029124,0.9396955,0.0113286115
1,9,0.027070401,0.36212808,0.03312119,0.02820472,0.007742963,0.020530347,0.018776717,0.028367784,0.033924706,0.44013306
4,4,0.027140953,0.05420217,0.010377092,0.006846468,0.76182616,0.05522927,0.017394338,0.037538756,0.024137005,0.0053078085
4,4,0.017392097,0.039226413,0.00946911,0.0065890355,0.80113,0.047261946,0.015514467,0.031308163,0.027504738,0.00460411
4,4,0.015711065,0.042370025,0.012315625,0.01327284,0.8096149,0.023726337,0.029234676,0.027820863,0.021076182,0.004857455
2,2,0.0037032969,0.0019766914,0.95828843,0.005592848,0.005332132,0.00043600224,0.004030253,0.004114005,0.0017314944,0.014794912
2,2,0.0044758203,0.004308332,0.92091125,0.016204013,0.01227754,0.0010301247,0.005112803,0.009229123,0.0052076112,0.021243405
2,2,0.017660543,0.009620083,0.8232441,0.028938167,0.024795687,0.0024338623,0.012312707,0.016389335,0.011009947,0.053595625
2,2,0.003782672,0.0033712643,0.93799883,0.016376518,0.011750665,0.00091345585,0.0038136493,0.008483675,0.0047149756,0.008794331
2,2,0.0051318067,0.0033003725,0.91042125,0.02576808,0.020936733,0.0012025797,0.0047680326,0.0088713905,0.006327358,0.013272297
2,2,0.0036969446,0.004103646,0.9278916,0.01392816,0.011317667,0.00091250206,0.0053159925,0.009892947,0.0037415114,0.01919905
2,2,0.013093415,0.0063125,0.88183,0.0224646,0.016416071,0.0013320913,0.00844795,0.010353033,0.005919482,0.033830795
2,2,0.0096269585,0.009575526,0.8120435,0.082106985,0.0236876,0.0026455256,0.0087065175,0.014737633,0.0105869435,0.026282953
9,3,0.039553586,0.12953255,0.076904915,0.25173593,0.031717375,0.1524891,0.04733474,0.12588252,0.04914583,0.09570343
9,3,0.038929116,0.12875995,0.14437458,0.34958446,0.030274166,0.032044586,0.029758321,0.07136438,0.071902014,0.10300836
9,7,0.09216424,0.12424726,0.1179342,0.09249676,0.03784661,0.06732805,0.032773048,0.20390119,0.10254863,0.12876008
9,7,0.06689037,0.12163188,0.14716409,0.112148546,0.033117473,0.061820794,0.03028584,0.2502993,0.073899485,0.10274224
9,7,0.059746526,0.13171725,0.07283204,0.07934596,0.056905907,0.06725253,0.0432895,0.2913774,0.060120925,0.13741195
9,7,0.08808041,0.09834996,0.06862974,0.15957035,0.036370613,0.121650554,0.03957158,0.19920744,0.10814336,0.08042605
3,3,0.026070297,0.035347987,0.21940196,0.4019342,0.15559264,0.013258618,0.048181463,0.026024248,0.039733034,0.03445554
3,3,0.0046738223,0.0033491808,0.022099072,0.93872523,0.0067581725,0.00432646,0.008771771,0.0033872381,0.0036824513,0.004226588
3,3,0.0029345483,0.0038422972,0.01315105,0.9500301,0.004216585,0.00466648,0.008575156,0.0035484137,0.003054937,0.0059804525
6,6,0.0010866601,0.0047281906,0.0036323755,0.017509792,0.013498533,0.0067314664,0.93625855,0.0033941374,0.0035229467,0.009637361
6,6,0.004006053,0.02206286,0.0072853644,0.02241436,0.04661753,0.025949026,0.83265024,0.01685876,0.011240081,0.010915777
6,6,0.0012354503,0.004145623,0.0029546279,0.014926593,0.008933852,0.0048856023,0.9480471,0.0022446106,0.003383099,0.00924334
6,6,0.0057158433,0.02746739,0.015444351,0.06917982,0.10809471,0.022153031,0.68553406,0.024376119,0.020528262,0.021506336
6,6,0.0013233924,0.0047733537,0.0032817353,0.018237703,0.010522025,0.0050709695,0.94031644,0.0026598554,0.0035727979,0.010241765
6,6,0.0018828851,0.0056276713,0.0043858374,0.016205871,0.011634602,0.0051986584,0.9356595,0.0026583911,0.004313153,0.012433396
6,6,0.0034795988,0.007903852,0.00619177,0.02244288,0.016001644,0.010921017,0.9036193,0.0045454474,0.007724578,0.017169889
6,6,0.00539057,0.012935795,0.0097816605,0.026592625,0.02729986,0.009690103,0.8701582,0.006151136,0.007822239,0.024177786
6,6,0.0016318795,0.0034472097,0.0034195352,0.018352171,0.008746996,0.00643533,0.9427703,0.001822396,0.0037958527,0.009578286
6,6,0.0043325783,0.013324766,0.0070209047,0.016118001,0.016722508,0.013097758,0.89401454,0.007285455,0.009322119,0.018761393
3,3,0.0022955125,0.0028730761,0.0098657645,0.9622931,0.003069022,0.0031643286,0.0072612683,0.002423875,0.0024392647,0.0043149297
4,4,0.0057134423,0.005745914,0.020942185,0.012114521,0.90439546,0.013185475,0.006156396,0.0062390156,0.023971753,0.0015359326
8,8,0.014655318,0.0097452365,0.004531452,0.005442411,0.0066768103,0.022251133,0.0074623497,0.0058721676,0.91295445,0.0104086725
8,8,0.0065684146,0.0042721275,0.0026000778,0.0018917575,0.0029982189,0.011193568,0.002501732,0.0022379023,0.9597092,0.0060270564
8,8,0.032955457,0.02236447,0.012745387,0.017763905,0.018456984,0.034934334,0.018850101,0.010164892,0.80497,0.026794381
8,8,0.051167633,0.044029698,0.05880907,0.07225791,0.035727143,0.04846551,0.042312093,0.02165192,0.5743511,0.05122795
8,8,0.0387087,0.030956123,0.018772407,0.033973332,0.015446988,0.029928422,0.026137004,0.012755529,0.74783576,0.045485772
8,8,0.026414717,0.01715009,0.0141099775,0.01237037,0.014024419,0.024948014,0.013173516,0.010419236,0.847467,0.019922633
8,8,0.087265894,0.06337954,0.12802526,0.05994962,0.031565502,0.039720383,0.035067484,0.055642765,0.40436083,0.09502261
8,8,0.094808064,0.05925525,0.030650863,0.05206819,0.014414586,0.03445552,0.036412846,0.020441297,0.6012244,0.05626899
8,8,0.05251075,0.07261253,0.053613573,0.058188923,0.019331226,0.034164347,0.03024226,0.032092385,0.5770275,0.07021647
8,8,0.059965547,0.06263986,0.123573065,0.22714333,0.051268682,0.031576555,0.07507983,0.026511282,0.27842665,0.063815266
8,3,0.080781005,0.053338647,0.13064605,0.23036872,0.066562496,0.046746586,0.09671233,0.033080578,0.2085466,0.053217057
8,8,0.02034536,0.009092749,0.0035855281,0.003794943,0.0060458146,0.022561384,0.004170291,0.004994535,0.91117346,0.014235978
8,0,0.3492586,0.050271183,0.029969255,0.040631935,0.050406106,0.06659534,0.024089204,0.040045004,0.28861076,0.0601226
8,3,0.13306502,0.03937082,0.045691773,0.30006093,0.035012126,0.063492514,0.0740998,0.020661036,0.24624683,0.04229913
8,8,0.062105943,0.05048103,0.05316,0.181748,0.035746414,0.027894411,0.067452386,0.01930111,0.4433104,0.058800295
8,8,0.040048413,0.021956485,0.013353041,0.04427048,0.010774352,0.019930443,0.01743827,0.008961048,0.79068077,0.032586705
8,8,0.010863256,0.005287178,0.002100269,0.0020278662,0.002055259,0.009172068,0.0019538405,0.002106157,0.95522565,0.009208413
8,8,0.0059447023,0.0032862502,0.0015500898,0.0012466213,0.0016904782,0.007875606,0.0018437216,0.0015651515,0.9697611,0.0052363225
8,8,0.011155632,0.010687287,0.013081913,0.008536553,0.014878461,0.025309749,0.011829562,0.0073179575,0.88721305,0.009989865
6,6,0.032321066,0.035415366,0.011245686,0.1220366,0.06971399,0.084235996,0.55620766,0.025861604,0.03628345,0.026678681
9,9,0.0170685,0.014104658,0.014604586,0.009269161,0.0011578206,0.0052599907,0.009513365,0.007632985,0.008348831,0.9130401
9,9,0.009361422,0.014755019,0.01386851,0.009821654,0.0008638828,0.0037680813,0.010095378,0.008762602,0.008131921,0.92057157
9,9,0.008396723,0.011486442,0.01410884,0.0056165657,0.00057976187,0.0025552204,0.006798278,0.0070985653,0.0060315426,0.93732804
9,9,0.01002473,0.014386574,0.017728465,0.0070555895,0.00080526393,0.003014201,0.009319388,0.007907943,0.008772595,0.92098534
9,9,0.0055097854,0.00915547,0.0049651596,0.002336705,0.00015223365,0.0018348943,0.004416591,0.0050621764,0.005792685,0.9607743
9,9,0.0037318002,0.007003975,0.0041046357,0.002080369,0.00010624017,0.0012416027,0.0028954637,0.0029578642,0.0029240635,0.972954
1,1,0.0063599744,0.88164204,0.006581798,0.0072039682,0.006700788,0.005438276,0.0055332775,0.01139998,0.01162381,0.05751604
1,1,0.0037896538,0.9283786,0.0022818362,0.003716063,0.0044607176,0.0034354497,0.002759811,0.0056362324,0.005436591,0.040105004
3,3,0.0015244341,0.0014799231,0.008098594,0.9675405,0.0034282221,0.0037423277,0.006017799,0.0026151421,0.0018188374,0.0037342547
3,3,0.0032899799,0.003120209,0.014171481,0.9394398,0.007451376,0.003314772,0.0160041,0.0022414767,0.004164381,0.0068024755
5,0,0.39061853,0.035370946,0.020451777,0.03396618,0.022155302,0.21738811,0.009883429,0.2457788,0.010864107,0.013522782
5,7,0.14107376,0.027535895,0.023341859,0.05110677,0.028052084,0.21624035,0.01217861,0.4792841,0.009339104,0.011847426
5,7,0.21228959,0.031804956,0.021700913,0.052039202,0.021107484,0.28031462,0.009026192,0.3524055,0.009856171,0.009455408
5,7,0.19143717,0.02681097,0.02463779,0.050947677,0.025046779,0.19785886,0.010892145,0.45496675,0.008049686,0.009352073
5,7,0.27984765,0.032314986,0.021308161,0.038473763,0.026127765,0.25976136,0.0120212985,0.30916667,0.010033236,0.010945108
5,7,0.21233445,0.034509495,0.02615199,0.052050892,0.026514446,0.2511159,0.0107268,0.36179537,0.012159051,0.012641616
5,7,0.17722456,0.031549275,0.019769106,0.046673506,0.023187274,0.29360217,0.009758647,0.3752419,0.010865713,0.012127763
3,3,0.018924637,0.004471116,0.028940737,0.88524294,0.009942618,0.017384604,0.014800024,0.008519604,0.0059939846,0.005779793
3,3,0.1241994,0.019976966,0.04221993,0.63975585,0.013660443,0.080105804,0.019906452,0.029871827,0.017935758,0.012367534
3,3,0.007815152,0.0027386763,0.019921444,0.9358041,0.004600462,0.010639803,0.007914884,0.0058625103,0.0020321396,0.0026709165
3,3,0.0090461075,0.0051792,0.01723972,0.9224993,0.004838575,0.013269504,0.009303025,0.0044439915,0.005971761,0.008208874
8,8,0.005063663,0.0018848819,0.0013069791,0.0013692395,0.0034894883,0.016490841,0.0016324003,0.0023773164,0.96314335,0.0032418305
8,8,0.004987735,0.0019469297,0.001329282,0.0014075827,0.0032961257,0.015589295,0.0016654115,0.0023397638,0.96417946,0.0032583615
8,8,0.005274482,0.0021181926,0.0014554001,0.0015275797,0.0038502251,0.016757153,0.0018161905,0.002599725,0.96105534,0.0035457085
8,8,0.0049223355,0.001923622,0.0013216599,0.0013801291,0.003163591,0.015132061,0.0016507786,0.0023516158,0.9648492,0.0033050857
8,8,0.0051170187,0.0019479404,0.0013804329,0.0014216144,0.003629117,0.016777098,0.0017070463,0.0025200136,0.96212125,0.0033785019
8,8,0.0052491743,0.002117789,0.0014301997,0.0014566516,0.0040253038,0.017439632,0.0018522682,0.002707166,0.9601353,0.0035864909
8,8,0.0052206083,0.002137066,0.001347025,0.0014913409,0.003558095,0.016016766,0.0018430711,0.0025231058,0.9624162,0.0034467268
8,8,0.0050889608,0.002050381,0.0013999841,0.0014915728,0.0039443597,0.016985372,0.0016697816,0.0024917556,0.9615255,0.003352327
8,8,0.0053162454,0.0020979478,0.0014517156,0.0014891652,0.004062421,0.017762275,0.0018090548,0.002676837,0.95978945,0.0035448445
8,8,0.005005325,0.0020641543,0.001425142,0.001438085,0.004077217,0.01741288,0.0018568301,0.0026883546,0.9605853,0.003446613
8,8,0.005387926,0.0021995653,0.0014485504,0.0016269996,0.004067978,0.017333075,0.0018183469,0.0025864337,0.9600786,0.0034525616
8,8,0.0052352976,0.0021894355,0.0014935347,0.0015227307,0.004453531,0.018005744,0.0018863778,0.0028079485,0.95876086,0.0036446285
8,8,0.0050711613,0.0019083273,0.0013052068,0.0013832867,0.0033681046,0.016160073,0.0016146376,0.0023453082,0.96360373,0.0032402095
8,8,0.0049025347,0.0019198016,0.0013216882,0.0013359536,0.003678053,0.016605137,0.0017129332,0.0025044687,0.96270156,0.0033178204
8,8,0.005254969,0.0019960855,0.0014077242,0.0015200877,0.0037969046,0.017401239,0.001699201,0.0024884946,0.9611411,0.0032942258
8,8,0.0051712296,0.002139904,0.0014127718,0.0014851037,0.003704688,0.016130475,0.0018509419,0.0026140928,0.96191007,0.003580749
8,8,0.0049554096,0.0019897642,0.0013534029,0.0013915004,0.0035489502,0.01600659,0.00173785,0.0024836333,0.9631534,0.0033794213
8,8,0.0048291245,0.0018905353,0.0013171751,0.00134776,0.0035896213,0.016310347,0.001652728,0.002393213,0.96346295,0.0032064961
8,8,0.0051063825,0.0022229843,0.0014306038,0.0015189059,0.004163503,0.016920922,0.0019215404,0.0027259972,0.96041757,0.0035715364
8,8,0.0050813863,0.0020982039,0.0013870556,0.0014464275,0.004184479,0.017613236,0.0018098224,0.0026522262,0.96029854,0.0034286769
8,8,0.0048634233,0.001913796,0.0012819518,0.0013634072,0.0034646997,0.015974453,0.0016585813,0.0023338366,0.96398973,0.0031560971
8,8,0.005235192,0.0019865895,0.0013191894,0.0014528864,0.0035038043,0.01663006,0.0017389593,0.002435532,0.962425,0.0032727784
8,8,0.0052360687,0.002114955,0.0014202374,0.0015246108,0.0039082146,0.017088296,0.0017872296,0.0025153873,0.9610188,0.0033861927
8,8,0.0054040966,0.0020543467,0.0013507574,0.001521319,0.0033978755,0.016142048,0.001701907,0.002406663,0.96263874,0.003382349
8,8,0.005442297,0.0022007476,0.0015009398,0.0016284873,0.004154831,0.017883664,0.0018789162,0.0027127909,0.9590568,0.003540487
8,8,0.005366075,0.002117931,0.0014217788,0.0015297061,0.003847203,0.016953299,0.0017902011,0.0025578146,0.9609156,0.0035003168
8,8,0.004985977,0.0020115352,0.0013627704,0.0014422167,0.0039559123,0.017035525,0.0017295061,0.0025323536,0.96163243,0.0033118322
8,8,0.00505451,0.0018975902,0.0013895225,0.0013782228,0.0037217038,0.017269263,0.00168668,0.0025352782,0.9617203,0.0033469552
6,6,0.00049064326,0.0011012648,0.0014122886,0.0071178954,0.00191694,0.0048630536,0.97665024,0.0007052613,0.0021828234,0.0035596793
2,8,0.092616595,0.09958417,0.03713124,0.026453167,0.014114745,0.026228262,0.029927108,0.07236999,0.38215932,0.21941535
2,8,0.1224906,0.08321761,0.035900965,0.043579172,0.02038403,0.057392888,0.03754483,0.050153315,0.44424185,0.10509483
2,8,0.05105562,0.034442578,0.013176616,0.015702654,0.011107395,0.0343008,0.0208722,0.021903962,0.74947834,0.04795993
2,8,0.100686885,0.08597156,0.07945567,0.034052897,0.012521771,0.012774446,0.026147572,0.025279388,0.45160022,0.17150962
2,9,0.05644628,0.20353813,0.11490315,0.044117764,0.005760602,0.011572697,0.017707204,0.027279753,0.1475601,0.37111434
2,3,0.17254677,0.08384883,0.15434465,0.18773244,0.042148195,0.056354854,0.04732084,0.0473502,0.065470085,0.14288312
2,8,0.043194715,0.03670558,0.0068091964,0.010471854,0.0069032,0.016969418,0.011876989,0.010487926,0.8118528,0.044728354
4,5,0.023313625,0.024384184,0.0114752,0.015041511,0.1916285,0.6424285,0.009960461,0.04417021,0.028718237,0.008879644
4,4,0.0018669107,0.0027499287,0.011967679,0.0071420297,0.95621157,0.0043963376,0.003660859,0.0024764282,0.008967557,0.00056067767
4,4,0.0017461616,0.00278391,0.015113267,0.009345263,0.9498733,0.0040252903,0.004398256,0.0025053015,0.009547876,0.0006612678
4,4,0.0020612318,0.0042010183,0.00921408,0.007138698,0.95026505,0.00562045,0.005452049,0.0039342395,0.011281039,0.0008322028
4,4,0.005339041,0.008516777,0.009664809,0.008796611,0.9243543,0.011437582,0.007441899,0.007048976,0.015939409,0.0014605671
4,4,0.0016649636,0.0028075047,0.006487234,0.0065183346,0.9674238,0.0026385223,0.004412207,0.0019874035,0.005664802,0.00039525708
4,4,0.002630236,0.0036581326,0.009306224,0.008043142,0.95604134,0.0039640325,0.00509077,0.0029491072,0.007743898,0.0005730654
4,4,0.005773618,0.008895679,0.008263672,0.008945898,0.9298609,0.009619633,0.0079619605,0.0064077596,0.012992277,0.0012786203
4,4,0.0056102965,0.00833429,0.009229021,0.0069235475,0.9315915,0.011219041,0.006970823,0.006309321,0.012623487,0.0011886318
4,4,0.004376285,0.0060921446,0.008371098,0.007982217,0.94019157,0.008365527,0.0060389787,0.0049026413,0.012685609,0.0009939786
4,4,0.0052658874,0.0069258795,0.010970693,0.009881555,0.93536264,0.007149694,0.007450036,0.0052900277,0.010679161,0.0010243843
4,4,0.003948119,0.005458377,0.008284318,0.008846712,0.9486644,0.0052239452,0.0064602876,0.0037769899,0.008584783,0.0007519748
4,4,0.003529021,0.0058245515,0.007365722,0.008145646,0.9488297,0.0055783098,0.0064645256,0.004160726,0.00928828,0.0008135294
4,4,0.0044287574,0.005741837,0.011822398,0.010365507,0.93835735,0.006204287,0.006982363,0.0046270182,0.0105296895,0.00094091165
4,4,0.009402349,0.012447544,0.014454999,0.017379137,0.9007234,0.008896465,0.013428202,0.008335288,0.013080356,0.0018522384
4,4,0.0040453887,0.0048779533,0.009985104,0.008696322,0.9499763,0.004682366,0.0059323516,0.003604723,0.0075518475,0.0006476372
4,4,0.0022946254,0.0031683804,0.008766284,0.006142332,0.9612197,0.004340367,0.0037463857,0.0024411306,0.007393732,0.00048690755
0,5,0.19206847,0.16621834,0.014144171,0.04215865,0.061205387,0.30594766,0.023335146,0.03291789,0.10547863,0.056525655
0,5,0.20352583,0.07083336,0.0066702655,0.0281797,0.026565047,0.5660263,0.010266692,0.014678237,0.04099471,0.032259863
0,8,0.0729665,0.043248255,0.019617429,0.014032907,0.22566341,0.24217598,0.016103689,0.0506556,0.29131067,0.024225585
0,5,0.12925783,0.043778118,0.018294623,0.019480433,0.13587835,0.46668112,0.011850554,0.04476357,0.108598836,0.021416495
0,5,0.12402657,0.03556346,0.02021932,0.020763583,0.11338867,0.52557385,0.013023236,0.046679482,0.080057815,0.02070404
0,8,0.16435617,0.06777985,0.009700784,0.018823413,0.046806008,0.20752299,0.016290262,0.023521515,0.40102175,0.04417731
0,8,0.06374983,0.027396668,0.005840134,0.009008919,0.016599337,0.06593887,0.008820909,0.009970417,0.7640186,0.02865636
0,5,0.10862098,0.027443847,0.0090892725,0.02635798,0.03656063,0.5583892,0.01637221,0.031354804,0.16038601,0.025425054
0,5,0.10253285,0.021551847,0.004844696,0.019433629,0.018655501,0.7229727,0.010901138,0.015822234,0.068061575,0.015223752
0,5,0.15567479,0.024001567,0.004799235,0.015439069,0.027721422,0.64423484,0.011608165,0.017852396,0.075104855,0.02356369
0,5,0.1977284,0.07113216,0.0087784575,0.028011156,0.044435974,0.54856026,0.013292394,0.021845704,0.037184075,0.029031448
0,5,0.102658935,0.033075757,0.008435683,0.025835717,0.03806361,0.7073961,0.01187319,0.017356066,0.038534567,0.016770326
0,5,0.08218031,0.018549226,0.004209076,0.013961469,0.021014933,0.77313435,0.0072394265,0.012494228,0.05673453,0.010482486
0,5,0.0861907,0.020300783,0.0046706675,0.01524698,0.02235975,0.7505448,0.0084306905,0.014218348,0.06694346,0.011093898
0,5,0.16085015,0.031357296,0.008277695,0.016983109,0.045886017,0.5871791,0.009471146,0.025987746,0.09005742,0.023950247
0,5,0.17384976,0.06565271,0.01087653,0.024034245,0.06551858,0.3171439,0.013438289,0.027533788,0.26567435,0.036277823
0,5,0.119666256,0.033999022,0.011576871,0.020851837,0.055670477,0.51551706,0.009002968,0.027142648,0.18323404,0.023338832
0,5,0.10175187,0.043409053,0.019208666,0.020332344,0.11744593,0.31901067,0.017295575,0.04378507,0.28816903,0.029591836
6,6,0.0016861898,0.0070943316,0.004449964,0.021650227,0.011586792,0.007681805,0.9142175,0.0042559844,0.0096951155,0.017682102
6,6,0.0010442652,0.0035769278,0.0026514528,0.01693928,0.00631695,0.0050849374,0.94635415,0.0019068044,0.004580749,0.011544444
6,6,0.0015811652,0.006123066,0.0039727897,0.022842102,0.0110253515,0.0072545586,0.9194424,0.0037272465,0.0073258174,0.01670549
6,6,0.0012617017,0.0045004995,0.0033315248,0.019849174,0.008336548,0.0065503805,0.93529785,0.0025991225,0.0060315276,0.012241698
6,6,0.001250639,0.004217887,0.0030485855,0.018912587,0.007199006,0.0057753865,0.9374396,0.0023525269,0.005351996,0.014451809
6,6,0.0010017082,0.003124141,0.0025594216,0.017776525,0.00604763,0.0048339074,0.9471822,0.0016695447,0.004142076,0.0116629
6,6,0.0013099817,0.0050745034,0.0033696976,0.019480484,0.008171578,0.006983364,0.9339968,0.0029257908,0.006193574,0.012494176
6,6,0.0015967934,0.006620835,0.003898608,0.022603849,0.011105469,0.007752535,0.91957766,0.0040690866,0.0071361037,0.015639164
6,6,0.0016252472,0.0059187743,0.0043280795,0.024987232,0.011977749,0.007917749,0.9178769,0.0036367613,0.0071787033,0.014552799
1,1,0.004080037,0.9151056,0.0056331228,0.0047548204,0.008913142,0.0043779756,0.0052177925,0.015692119,0.0059220595,0.030303366
4,4,0.001957184,0.007276846,0.008075488,0.0052838274,0.95246685,0.0033287567,0.0091668395,0.0054522557,0.0059927534,0.000999261
4,4,0.0032125055,0.011662609,0.00872418,0.0094913505,0.9309693,0.0054222746,0.013003714,0.0075103315,0.008594783,0.0014089589
4,4,0.009756631,0.032540392,0.011957244,0.021583922,0.85563684,0.008629326,0.028845703,0.015915124,0.011702543,0.0034322778
4,4,0.015273446,0.06648069,0.010847044,0.016822338,0.8062008,0.013029798,0.032580886,0.021590242,0.01128485,0.00588989
4,4,0.02315718,0.26933685,0.008321554,0.026037525,0.5409388,0.01599031,0.052613385,0.034618992,0.01573519,0.01325024
4,4,0.013983451,0.0388081,0.009140557,0.015367868,0.8514491,0.01169748,0.026498534,0.018496072,0.0113128545,0.00324609
4,4,0.003534175,0.014273409,0.0049449885,0.007012852,0.9398923,0.0043366766,0.01252919,0.006995795,0.0054639773,0.0010166699
4,4,0.0015859263,0.003320507,0.002552104,0.0016253712,0.9795982,0.0027805525,0.002721821,0.0021824222,0.0033653977,0.0002676424
4,4,0.0022989258,0.006098863,0.002790397,0.002814897,0.9722446,0.0019974604,0.005510247,0.0031026148,0.0027396819,0.00040236855
4,4,0.003704748,0.0080153085,0.003473534,0.0030300084,0.96411276,0.0037905714,0.005670364,0.0034470402,0.0040826295,0.00067308254
4,4,0.0041080117,0.010156752,0.0055442457,0.011645908,0.9427456,0.0030546193,0.0118442485,0.00474376,0.005312468,0.00084433577
4,4,0.01216055,0.037080105,0.023128217,0.02837086,0.7903873,0.015699225,0.03641047,0.026863173,0.022955086,0.006945048
4,4,0.19621073,0.09257033,0.056882866,0.107324556,0.28894356,0.05845505,0.058560584,0.050415125,0.06295222,0.027684933
4,4,0.006438341,0.02007917,0.0132980775,0.019580847,0.87974095,0.008233489,0.022264421,0.013132539,0.014195097,0.0030370185
4,4,0.014739933,0.031599484,0.014395497,0.025594385,0.82398194,0.015976047,0.027747683,0.019184325,0.021729168,0.005051502
4,4,0.029741803,0.07646884,0.023048922,0.050484106,0.6249956,0.026998907,0.06291213,0.062293503,0.025334824,0.01772141
4,4,0.10712693,0.022415526,0.07305098,0.022190787,0.6686031,0.015501134,0.03169074,0.01918292,0.026185472,0.014052398
4,4,0.0174494,0.051268496,0.027750459,0.040314443,0.72179455,0.02039004,0.046679553,0.033945464,0.029578654,0.010828911
4,4,0.0095551275,0.038333472,0.014496443,0.01961108,0.80292195,0.016303476,0.041722517,0.027476586,0.023796678,0.005782648
4,4,0.029488984,0.062428486,0.029076828,0.038873024,0.6937351,0.018525207,0.052551117,0.042063892,0.022588126,0.010669096
4,4,0.011117576,0.051978137,0.017138543,0.025349813,0.7086191,0.026810348,0.064176336,0.045696113,0.03819628,0.010917842
4,4,0.013361833,0.038914964,0.022189796,0.024026586,0.7458615,0.026982855,0.045133013,0.035236076,0.039936703,0.008356671
4,4,0.014321582,0.0378689,0.024570838,0.03352586,0.7591845,0.022767752,0.034935508,0.027444122,0.036474127,0.0089068515
4,4,0.07587292,0.13993432,0.0401657,0.12667415,0.31765878,0.04700608,0.0741939,0.089814804,0.049357604,0.039321683
4,4,0.011063898,0.06358683,0.030737065,0.024236279,0.7103607,0.020340746,0.052131735,0.058739133,0.020928191,0.007875377
9,9,0.01665543,0.037597857,0.10102341,0.03462729,0.008716297,0.009463176,0.03176827,0.060579397,0.019833302,0.67973554
9,9,0.010487302,0.014210104,0.03695439,0.006929347,0.0015249988,0.00305038,0.011271224,0.020675898,0.0073210546,0.8875754
9,9,0.0152968,0.032633055,0.052107837,0.014945008,0.0025997479,0.0053423624,0.0143215405,0.019585738,0.016120592,0.8270472
9,9,0.012380422,0.02145186,0.020371474,0.0062347855,0.0007009636,0.0024618884,0.006417928,0.0043168506,0.0077629318,0.91790086
9,9,0.023124464,0.04097037,0.09204726,0.008026112,0.002286375,0.0032977005,0.008994552,0.014039057,0.017556168,0.78965795
9,9,0.01041036,0.01717335,0.029158251,0.0041602934,0.0006118957,0.001660209,0.0055403803,0.0050557544,0.006240586,0.91998893
2,2,0.0052261525,0.003311047,0.9165097,0.012474592,0.022022774,0.0017903525,0.009453666,0.0072925645,0.007359395,0.014559696
2,2,0.010716423,0.007051937,0.8133374,0.058981672,0.03800452,0.0036464236,0.013529237,0.015229183,0.011489317,0.028013809
2,2,0.014371666,0.005445628,0.9093835,0.016032733,0.009467149,0.0011875615,0.010044204,0.0066235373,0.004273579,0.023170404
2,2,0.002385318,0.0012934096,0.9476701,0.011721369,0.018050361,0.00111732,0.00426892,0.0062850723,0.0034146784,0.0037935062
2,2,0.0047182525,0.0041964604,0.8516611,0.03433003,0.05190194,0.0036511463,0.011371877,0.013590556,0.010079764,0.014498797
2,2,0.0020710647,0.001404042,0.9498725,0.011790863,0.0131162675,0.0012108441,0.004110928,0.0065960814,0.0039587417,0.0058685313
2,2,0.0024089892,0.0008367059,0.96885866,0.004189443,0.009399383,0.0006523908,0.0027137133,0.0055292416,0.0018715844,0.0035399129
0,0,0.80216396,0.04710853,0.016185028,0.007511997,0.013722955,0.034364954,0.014201423,0.012040701,0.016279986,0.0364205
0,0,0.7920456,0.06956368,0.0132512115,0.004628536,0.008325257,0.02234058,0.014470073,0.0058154287,0.014320839,0.055238727
2,2,0.024150642,0.013727385,0.8164763,0.052048348,0.019618897,0.0041619185,0.02117858,0.012930461,0.013270095,0.022437366
2,2,0.03134167,0.010364898,0.8373431,0.046015054,0.013351151,0.0053516584,0.021997523,0.010495862,0.004869886,0.018869082
2,2,0.013961361,0.0130819315,0.8377891,0.030440086,0.021453485,0.0032250087,0.019793078,0.010702791,0.02255411,0.026999092
2,2,0.0031128216,0.00084247725,0.9788994,0.0041550505,0.0034601951,0.00030979002,0.0024951554,0.0024240864,0.0010327329,0.0032682156
2,2,0.004372457,0.003190584,0.9526864,0.008147259,0.005309243,0.00069173874,0.0065696905,0.0051289727,0.0027239067,0.01117976
2,2,0.020908432,0.009850442,0.73280954,0.11202467,0.044745013,0.0046611135,0.02346751,0.012248876,0.017883029,0.021401418
2,2,0.019694872,0.011890927,0.8032744,0.051311046,0.028117198,0.0044774,0.023541437,0.010238081,0.022996793,0.024457876
9,9,0.009084141,0.0054355874,0.010379814,0.0031256622,0.00045921,0.001669684,0.0040985756,0.007504165,0.0038565188,0.95438665
9,9,0.0051423493,0.0071177785,0.0068328553,0.0024007366,0.00019732528,0.0009130762,0.0021775241,0.002723511,0.0025081928,0.96998674
9,9,0.006087914,0.0060316212,0.010943104,0.0024548653,0.00029831365,0.0011602651,0.0028823428,0.006480137,0.0028960728,0.9607654
9,9,0.007645794,0.00664741,0.011538222,0.0023825562,0.0003342102,0.0012980264,0.0032388333,0.0067287,0.003499348,0.95668685
9,9,0.005278802,0.008141815,0.016862117,0.0030652194,0.00033874036,0.0010764612,0.0037771955,0.004235971,0.0030347367,0.95418906
9,9,0.006756249,0.010799669,0.011290907,0.0024466014,0.00022618331,0.0012079078,0.0024344323,0.0035674847,0.0036367874,0.95763385
9,9,0.007932376,0.007063377,0.010709116,0.0052326024,0.0007103158,0.002772608,0.005748356,0.010448616,0.0033883974,0.94599414
3,3,0.0019104352,0.0022403668,0.008877764,0.9640087,0.003930727,0.002363413,0.008538191,0.0017358817,0.002511977,0.0038825956
3,3,0.0019415993,0.0011524817,0.009241384,0.97179747,0.0024578068,0.0022731626,0.0065844865,0.0010308031,0.0013733114,0.0021474992
3,3,0.0031202391,0.0020000043,0.013841225,0.9520532,0.008189908,0.002373324,0.009251715,0.0020131825,0.003904592,0.003252702
6,6,0.0008776945,0.0015304892,0.0026647884,0.004937178,0.0014297338,0.003425747,0.97684836,0.00050584984,0.0015356648,0.006244544
6,6,0.0011439965,0.0022335653,0.003128773,0.005006925,0.0018719657,0.004029013,0.9732084,0.0007753494,0.002028088,0.006573882
6,6,0.001497415,0.0023249572,0.004385448,0.0032778494,0.0014270165,0.0040848386,0.9717585,0.00063740805,0.0031494028,0.007457149
3,3,0.009283463,0.0033988971,0.028262906,0.92848617,0.0065935506,0.0036254954,0.008459906,0.0048922813,0.003929634,0.0030677805
3,3,0.0030431096,0.0029911113,0.019737553,0.94962645,0.004145543,0.0034218645,0.0072465544,0.0019582505,0.00303672,0.0047928076
3,3,0.01569189,0.0136045525,0.08162353,0.80018085,0.020876627,0.009996897,0.026616557,0.006294159,0.013601867,0.011513123
3,3,0.0151770795,0.008090316,0.055454977,0.84562194,0.014160361,0.0103924135,0.026510417,0.0047505056,0.0091390945,0.010702899
1,1,0.003139546,0.9352252,0.0026617385,0.0035604378,0.0033954082,0.0029427225,0.0024069601,0.005683425,0.0050188964,0.035965562
1,1,0.0094801765,0.8533246,0.0066660545,0.007928983,0.005039808,0.0073105227,0.005069831,0.009374051,0.016684124,0.079121806
1,1,0.008523535,0.8583737,0.00659185,0.0077334093,0.005173085,0.0067613004,0.005154834,0.008977453,0.015222358,0.077488534
1,1,0.008721456,0.8666362,0.006503371,0.010879346,0.008623417,0.009882737,0.0068180487,0.012888187,0.01280409,0.056243137
0,9,0.15879692,0.08043689,0.07448688,0.15679155,0.040570192,0.07022874,0.057468835,0.01705395,0.08900788,0.2551582
0,0,0.960234,0.008536748,0.0021840136,0.0012411729,0.0008403444,0.0082266545,0.0022333357,0.001286086,0.0027762656,0.012441392
0,0,0.9376072,0.012921623,0.002655995,0.0021945722,0.0011644437,0.016737066,0.0034490833,0.0018220297,0.004313209,0.017134743
0,0,0.91782653,0.01563433,0.0051036626,0.0035635969,0.0024321938,0.019950345,0.005611401,0.0034926734,0.0057265717,0.020658692
0,0,0.9597452,0.007192743,0.003058034,0.0011232903,0.0011915488,0.007525762,0.0029023255,0.0013813137,0.0028571112,0.013022669
0,0,0.9681134,0.005923822,0.002842006,0.0008878355,0.0009088232,0.004882628,0.0019386158,0.0011672142,0.0023523683,0.010983289
0,0,0.89635074,0.020978509,0.007191697,0.00465374,0.0034648643,0.02450597,0.00641195,0.0045045307,0.0075756363,0.024362268
0,0,0.9274231,0.013111131,0.0047139204,0.0026579227,0.0020062134,0.016043823,0.005777429,0.0027219395,0.005441663,0.020102808
0,0,0.875264,0.023978682,0.0057577863,0.0053602634,0.0026708224,0.029411148,0.008098072,0.00468133,0.010930928,0.033847038
0,0,0.95462793,0.009030872,0.0028044002,0.0014076829,0.0009935856,0.010858228,0.002850131,0.0014489641,0.002841178,0.013136954
0,9,0.28114203,0.03719885,0.05153647,0.092201434,0.014853059,0.028350651,0.028613493,0.03795532,0.06416775,0.36398095
0,0,0.9593881,0.0075614685,0.0025640065,0.000929825,0.00096362206,0.0075086057,0.0029240001,0.0012310622,0.0028743332,0.014055145
0,0,0.9154869,0.013993243,0.004275295,0.0023256296,0.001840269,0.0221761,0.005580286,0.0027427056,0.006601498,0.024978073
0,0,0.94367135,0.013170417,0.003355122,0.0017781073,0.0013723719,0.009841372,0.0034960685,0.0019879984,0.0039491644,0.017378075
0,0,0.91573393,0.019141676,0.003541543,0.0031091585,0.001477353,0.019338498,0.004526226,0.0025970472,0.00609964,0.024434917
0,0,0.96721673,0.006257835,0.0022873024,0.00086321065,0.0007540716,0.0065845666,0.0021499516,0.0010709129,0.002004582,0.010810837
0,0,0.9489252,0.010643652,0.00288431,0.0014552489,0.0011019199,0.010798245,0.0033082212,0.00147822,0.0032937652,0.016111217
0,0,0.95305574,0.0097731305,0.0029061402,0.0013090208,0.0011834005,0.00960505,0.002672415,0.0018049919,0.0031689424,0.0145211285
0,0,0.93300307,0.013825476,0.0038123468,0.0022983497,0.0017504445,0.013354375,0.003956465,0.0025721085,0.0051453477,0.020282026
0,0,0.93761605,0.0116951745,0.0050377725,0.0022864833,0.0023937884,0.010183507,0.004162213,0.0029449172,0.0050998107,0.018580321
0,0,0.92153627,0.01597011,0.0050436,0.0026593143,0.0022282617,0.015698906,0.0055289506,0.0029623099,0.005831043,0.02254124
0,0,0.9412888,0.011306426,0.0036505614,0.0015363523,0.0015394103,0.01178768,0.004157349,0.0018789277,0.004541638,0.018312825
0,0,0.9294737,0.015484728,0.0038727736,0.0023809606,0.0014758239,0.013864076,0.004410616,0.0026648985,0.004743531,0.021628832
0,0,0.96607214,0.006818246,0.0023370977,0.0007688859,0.0008204755,0.0051327785,0.002148291,0.0012241702,0.002287648,0.012390388
0,0,0.9265069,0.016501844,0.0035216017,0.0026740993,0.002058379,0.019185834,0.0041625462,0.0027714672,0.005125095,0.017492272
0,0,0.93028843,0.01546905,0.004028844,0.0023210612,0.0019258226,0.016533151,0.003989111,0.0024824576,0.004655012,0.018307082
0,0,0.95029926,0.0099566765,0.0032700915,0.0017569718,0.0013414249,0.01073915,0.0033326936,0.0016615775,0.003380827,0.014261342
0,0,0.92082155,0.01779327,0.0040260083,0.002514358,0.001875144,0.015920736,0.0046153422,0.0027859632,0.0058306484,0.023817057
0,0,0.93661535,0.011481869,0.0037375554,0.0020880583,0.0013683651,0.014415147,0.0041543525,0.002361486,0.0050209956,0.018756814
0,0,0.92014563,0.01686257,0.005144614,0.0032615522,0.0019548943,0.016196461,0.0048644906,0.0030955295,0.0056790984,0.022795238
0,0,0.9526418,0.009461224,0.0031111932,0.0012001394,0.0012917131,0.008025461,0.0031293582,0.0019137914,0.003296409,0.01592895
0,0,0.94875395,0.010097645,0.002927799,0.0015254,0.0012811293,0.01207401,0.0034496307,0.0015221689,0.0036483933,0.014719835
3,3,0.027662454,0.10999767,0.04787926,0.62059075,0.02603121,0.024461351,0.021117657,0.026896134,0.048375357,0.04698812
3,3,0.013611705,0.054371413,0.04329892,0.7450272,0.025538981,0.015124063,0.022208488,0.024799034,0.024642432,0.03137772
9,9,0.011667604,0.0064017116,0.011095343,0.0027205779,0.0004384756,0.0023776353,0.0042345533,0.0065933433,0.0031860864,0.9512846
9,9,0.02180091,0.0097444905,0.013539263,0.0042121876,0.00094226823,0.004928855,0.006301535,0.00954961,0.004996716,0.9239841
9,9,0.015521277,0.012834297,0.010109972,0.004017285,0.000545972,0.0048013777,0.0046316255,0.006441395,0.004550353,0.93654656
9,9,0.019451559,0.017526181,0.016838059,0.0071310718,0.001256667,0.007674689,0.009142739,0.011805659,0.006280684,0.9028927
9,9,0.015971784,0.06136498,0.029160686,0.022049021,0.0043966086,0.013461302,0.018579166,0.026833031,0.013275093,0.79490834
9,9,0.007383297,0.0063864305,0.007943101,0.0026962769,0.0003158175,0.0023047733,0.0038995412,0.005679738,0.0023462637,0.9610448
4,4,0.014866908,0.0152622415,0.03027614,0.019321509,0.82669824,0.022782842,0.015960328,0.015823968,0.03374367,0.0052642333
4,4,0.0072610294,0.008691251,0.012860353,0.0075457413,0.91632116,0.012498155,0.008056201,0.008010188,0.016818369,0.0019375831
4,4,0.018946452,0.042267457,0.013594331,0.022728764,0.79916996,0.020773882,0.031800244,0.023000788,0.02179572,0.005922456
4,4,0.0058965054,0.0057375804,0.013381684,0.010822401,0.9314229,0.005915636,0.008819409,0.004418233,0.012079007,0.0015065713
4,4,0.0030748765,0.0023553816,0.0038337957,0.0028967902,0.97763556,0.002288285,0.002678701,0.0014657472,0.003511331,0.0002595131
4,4,0.004934978,0.0037417798,0.0055623543,0.0035697538,0.96152925,0.0059315627,0.003507531,0.002811178,0.007817315,0.00059428357
4,4,0.0023122746,0.0071210847,0.004104914,0.003569101,0.9611366,0.0050695552,0.0052479347,0.0044651544,0.006310198,0.0006631472
4,4,0.007040233,0.009988189,0.00713065,0.0071789687,0.93432105,0.008810822,0.007850395,0.0065031922,0.010033934,0.0011425306
4,4,0.027221257,0.07680529,0.028837617,0.02763506,0.3533677,0.091063805,0.04842108,0.27384984,0.041108046,0.031690404
4,7,0.014556077,0.026645236,0.015257745,0.022857033,0.09873232,0.099819295,0.026848624,0.66309416,0.019684874,0.012504606
4,4,0.009993291,0.013079966,0.019290304,0.018749477,0.88630694,0.010505996,0.014041363,0.01019674,0.015591201,0.0022447454
4,4,0.014037809,0.011607304,0.021089232,0.02566947,0.8827935,0.0077992105,0.01453453,0.007874651,0.012702396,0.0018918691
4,4,0.032565147,0.03548571,0.02952666,0.04233292,0.70437926,0.039013013,0.03128893,0.036616452,0.038739927,0.01005203
4,4,0.041283097,0.057769276,0.024249474,0.04170762,0.37885928,0.16384189,0.04419594,0.17386968,0.048295364,0.025928456
4,4,0.047237985,0.06284464,0.016711434,0.02899075,0.5168236,0.13069585,0.038618717,0.07311941,0.064564824,0.020392723
4,4,0.030002564,0.036552906,0.021693261,0.029298866,0.7691769,0.026811862,0.027418774,0.024426354,0.028229658,0.0063887737
4,4,0.057620812,0.047745578,0.04553274,0.111211605,0.38140598,0.05374004,0.044544633,0.20867202,0.029203126,0.020323364
4,7,0.037175827,0.037402175,0.03650096,0.055026863,0.19438273,0.14342245,0.033903595,0.40363607,0.03663967,0.021909628
4,4,0.040180266,0.057667017,0.02726248,0.0546102,0.56761307,0.03839157,0.05694508,0.108324125,0.033965208,0.015040966
4,4,0.041337967,0.064032115,0.03011813,0.06733223,0.4637452,0.043250933,0.056082435,0.17238547,0.035712466,0.02600305
4,4,0.043199684,0.06476297,0.02776436,0.057849128,0.3221341,0.10707736,0.04590853,0.24969634,0.044937346,0.036670204
5,5,0.018549116,0.016249849,0.008640806,0.01777863,0.03809689,0.66796607,0.01847705,0.18407695,0.022356113,0.0078085586
5,5,0.011118534,0.011911938,0.011485502,0.016075986,0.03892195,0.4633911,0.01854458,0.4000956,0.019824704,0.00863017
5,8,0.013775201,0.014152722,0.016044702,0.010167891,0.0343235,0.10165531,0.010445228,0.0130053405,0.77667105,0.00975903
9,9,0.008113614,0.010495113,0.013908793,0.002847681,0.00038201018,0.0018447447,0.0050518173,0.0045499257,0.0039123013,0.94889396
9,9,0.007214817,0.017007293,0.01287588,0.008246231,0.00057779945,0.005718429,0.0116784675,0.004575323,0.0039042903,0.9282015
9,9,0.00873435,0.035140317,0.012850042,0.0074016135,0.0004989697,0.0101696225,0.0072067077,0.0058826897,0.0033194798,0.9087962
9,9,0.0050832867,0.02170259,0.0068961363,0.0075237863,0.00033894993,0.0073321494,0.006300132,0.0046163867,0.0021675024,0.9380391
9,9,0.005267804,0.015782492,0.010691697,0.007212818,0.000543105,0.0057422137,0.009093026,0.009131902,0.0025526145,0.93398243
9,9,0.004421004,0.010171316,0.008637088,0.0032568702,0.00024923397,0.0022624629,0.005170622,0.003683734,0.0017652329,0.9603824
3,3,0.009127123,0.03210737,0.026001204,0.82203597,0.018351987,0.012652869,0.022052113,0.014244311,0.01621587,0.027211113
3,3,0.023469444,0.052221175,0.050848838,0.7366953,0.019379936,0.01859576,0.015739035,0.014844232,0.03846378,0.029742396
3,3,0.00388533,0.0048856153,0.01604934,0.9315282,0.008269952,0.0038332099,0.012600836,0.0031619067,0.006725702,0.009059903
3,3,0.0042771613,0.006154644,0.02457348,0.8877669,0.0247988,0.0048268517,0.027508672,0.0051346547,0.006763626,0.008195105
3,8,0.07229506,0.18071455,0.039199334,0.1042325,0.01971931,0.031028915,0.031039597,0.026661558,0.3686662,0.126443
3,1,0.05598961,0.3269553,0.031031806,0.062152483,0.008726751,0.028564414,0.016479548,0.0211271,0.24733149,0.20164159
3,9,0.024823243,0.349289,0.032204717,0.045925334,0.0063315886,0.016638918,0.0127983475,0.03336018,0.10836152,0.37026715
2,2,0.0018602386,0.0023264266,0.95932573,0.0041768085,0.004282958,0.0005775261,0.0029011604,0.006514682,0.0024417853,0.015592717
2,2,0.019032823,0.035489805,0.72371644,0.027478026,0.011699571,0.0036158601,0.024185326,0.02525318,0.02230942,0.10721954
2,2,0.04490984,0.020760799,0.733747,0.0927486,0.017188398,0.0031002637,0.027071983,0.009156076,0.011262702,0.04005431
2,3,0.09782373,0.025861524,0.2607983,0.4348078,0.03086199,0.009866187,0.054526314,0.010935436,0.034715723,0.039802954
2,2,0.013909674,0.010901307,0.86541885,0.038055375,0.010231819,0.0029845843,0.015469431,0.009338166,0.008521707,0.025169125
2,2,0.0061974246,0.004612495,0.93956673,0.016151784,0.0042491914,0.0012770364,0.0051674694,0.010959875,0.0033119507,0.008505927
2,2,0.0056435782,0.009538987,0.88905764,0.015608872,0.013383552,0.0032776827,0.010925676,0.02014762,0.015304035,0.017112466
2,2,0.0031219653,0.0046692286,0.93925965,0.008792225,0.005533035,0.0012688497,0.0034212202,0.01304587,0.00452454,0.016363397
9,9,0.020255614,0.006421432,0.021687644,0.0064301062,0.0011877712,0.0035580944,0.005640396,0.010537442,0.007812717,0.91646886
9,9,0.008453092,0.0044246744,0.028221318,0.0050858576,0.0010782831,0.0012070562,0.0053441077,0.0045863627,0.0031856894,0.9384136
9,9,0.013442166,0.0044779405,0.026720792,0.005929994,0.0012334065,0.0021720328,0.0073189074,0.0053507905,0.0040795137,0.92927444
9,9,0.07564607,0.04291687,0.08773157,0.0341295,0.007410206,0.012647062,0.022487061,0.009486882,0.04121327,0.66633147
9,9,0.023319015,0.027017701,0.086605474,0.045737304,0.018468643,0.006147192,0.036965575,0.017720029,0.023020096,0.71499896
9,8,0.062772214,0.030448582,0.050821677,0.019170962,0.011331122,0.020397205,0.019591156,0.039865814,0.5377373,0.20786396
9,9,0.012668056,0.00909192,0.01864967,0.0075963433,0.0011118192,0.0033234823,0.0056428197,0.008568521,0.0059450385,0.9274023
2,2,0.0016579701,0.002723457,0.96835685,0.0049013156,0.002688945,0.0007149335,0.002429928,0.0080299545,0.0021173612,0.006379326
2,2,0.0043443404,0.011884153,0.897217,0.02876208,0.0053394195,0.0019174573,0.0060192826,0.024750182,0.0041632126,0.015602753
2,2,0.010218418,0.012065814,0.8513696,0.044058297,0.014577147,0.0051484653,0.009331081,0.032812234,0.0069190445,0.013499829
2,2,0.0042951307,0.014082412,0.81809264,0.046495236,0.0264648,0.0070814225,0.01567104,0.03616375,0.010880493,0.020773085
3,3,0.0028044367,0.0036160378,0.014695768,0.94656163,0.005236271,0.0042409343,0.009185219,0.0031904134,0.0037743365,0.006695006
3,3,0.0028491924,0.0028475667,0.015769806,0.94810647,0.005692255,0.003663671,0.008920403,0.0025155812,0.0037061484,0.0059290063
3,3,0.002331248,0.003000201,0.012469118,0.9537616,0.0046533206,0.0037607078,0.008223404,0.0027983943,0.0032291303,0.0057728416
3,3,0.0018903196,0.002309733,0.009642514,0.9617645,0.0034674057,0.003297947,0.007775755,0.002408448,0.0021794897,0.0052639213
2,2,0.018262526,0.0048631495,0.9123969,0.011486828,0.011484178,0.0024267572,0.009831086,0.0129880905,0.003721498,0.012539011
2,2,0.004249708,0.0032551258,0.9468802,0.0045967055,0.004861367,0.0012792511,0.003515618,0.016054848,0.0026226472,0.012684435
2,2,0.033871416,0.008920852,0.8486718,0.006500157,0.0050089494,0.0015547398,0.013446056,0.013021694,0.004200234,0.064804114
2,2,0.0046794843,0.0026058855,0.9497969,0.0073190928,0.007139371,0.0014301431,0.004009171,0.013911701,0.0027869663,0.0063213506
2,2,0.0071691195,0.008472993,0.90283096,0.033224545,0.0057731797,0.0019211227,0.0065552685,0.019793956,0.004196328,0.010062461
2,2,0.00992869,0.010603009,0.5066608,0.39503306,0.022416983,0.0038951864,0.01798543,0.014748351,0.010021017,0.008707514
2,2,0.2133364,0.032891344,0.3038919,0.18222049,0.070892155,0.023585113,0.042450298,0.046408635,0.04153456,0.0427891
4,4,0.037242897,0.04374064,0.036531594,0.051354937,0.65429336,0.028669072,0.024229567,0.022888884,0.09049277,0.010556346
4,4,0.033833623,0.06837746,0.043232393,0.05203163,0.31930065,0.06007944,0.05033813,0.041255847,0.3075098,0.02404099
4,4,0.018779606,0.04694785,0.04646949,0.05504631,0.49278527,0.043843225,0.051012278,0.040063474,0.18770061,0.01735195
4,4,0.044253595,0.10329802,0.030307114,0.05115182,0.4020842,0.058689337,0.061001513,0.058058552,0.1650246,0.026131257
4,4,0.028513636,0.06790224,0.034429792,0.042102925,0.58712506,0.042262297,0.047900867,0.047986735,0.0859693,0.015807087
4,4,0.027328543,0.04947376,0.028799063,0.04619741,0.6977983,0.016171148,0.06768755,0.034363985,0.023438226,0.008742016
2,2,0.0045431387,0.0029225512,0.94168615,0.007428918,0.011490589,0.0014313081,0.005399246,0.009282566,0.0042961836,0.011519379
2,2,0.004028322,0.005255193,0.9235267,0.0068673617,0.010114788,0.0022129926,0.007668845,0.0133848395,0.0053169974,0.02162392
2,2,0.0019187564,0.0011605489,0.96849424,0.0051858844,0.0076378593,0.0005400199,0.0033059036,0.0039107497,0.0022405777,0.0056054653
2,2,0.0048134266,0.005815197,0.92294925,0.00812568,0.008987131,0.0015192115,0.008645509,0.009363037,0.004244801,0.025536697
2,2,0.004090716,0.0032870867,0.93953604,0.010104485,0.010021257,0.0014981047,0.0070881657,0.008216172,0.0030337125,0.0131244
2,2,0.007018471,0.004313968,0.9375519,0.007924742,0.0077002076,0.0014170861,0.0074375863,0.008707514,0.0037663274,0.0141622145
2,2,0.008948265,0.00991111,0.8671835,0.022117648,0.01714179,0.004697016,0.011988218,0.020523263,0.009632584,0.02785653
2,2,0.017064696,0.02337762,0.69319093,0.02680063,0.016904812,0.004015588,0.02534967,0.021206029,0.011209828,0.16088018
3,3,0.005197884,0.006696153,0.021223642,0.918307,0.009904851,0.0048683784,0.013918871,0.00353929,0.007359628,0.008984342
7,7,0.01061972,0.062282357,0.020452272,0.025166953,0.090265594,0.04441401,0.039846934,0.6655285,0.011564197,0.029859442
7,7,0.0058480264,0.017949354,0.0062887557,0.015699655,0.018772393,0.02667351,0.011851649,0.88512254,0.0029815407,0.008812593
7,7,0.022205101,0.028159732,0.02064281,0.023056973,0.05337666,0.11888576,0.018162448,0.6769508,0.01659357,0.021966087
7,7,0.02995167,0.09008318,0.019830298,0.046988502,0.11022105,0.09036172,0.063388094,0.51248354,0.019009225,0.01768276
7,7,0.008795661,0.03531994,0.009493907,0.027745254,0.03500755,0.033024646,0.022923948,0.811885,0.005339834,0.010464254
7,7,0.018203096,0.08261572,0.023436638,0.046253584,0.08723663,0.044419076,0.043786094,0.6185879,0.01183651,0.023624735
6,6,0.0032982964,0.0058892295,0.010874046,0.074627705,0.010080326,0.017682781,0.8487506,0.0046765567,0.004746448,0.019373998
6,6,0.002050891,0.0076690274,0.0042130323,0.016468463,0.0098041175,0.01401479,0.9226367,0.0061587556,0.007412452,0.009571786
1,1,0.0050698076,0.8646253,0.009099965,0.009389115,0.01378847,0.0046860697,0.010087495,0.018606931,0.011848038,0.05279896
3,3,0.00047675302,0.00038013872,0.0037630664,0.98889446,0.0011289301,0.00076341577,0.002490601,0.00057811884,0.00043890232,0.0010855781
3,3,0.005138244,0.006112131,0.046103355,0.7783137,0.0463955,0.009530397,0.0811445,0.0061422093,0.0063933865,0.014726583
3,4,0.041407946,0.040124547,0.2071063,0.18497033,0.2688045,0.026530102,0.14288355,0.03443062,0.0242536,0.029488504
3,3,0.002219216,0.0031448714,0.012966639,0.94535375,0.0049221963,0.004659864,0.013534814,0.0026739642,0.0025818113,0.007942848
3,3,0.0019328616,0.0023012413,0.010600478,0.9626544,0.0034069272,0.0029599292,0.007053994,0.0021339422,0.0023053875,0.0046509057
3,3,0.0019765117,0.002420532,0.010843036,0.95981926,0.003712194,0.0034719573,0.007607725,0.0024429157,0.002414175,0.005291708
3,3,0.0012834829,0.0014590584,0.008374534,0.9727534,0.002453501,0.002228016,0.0051819826,0.0015822664,0.001419838,0.0032640272
3,3,0.00084410486,0.000931086,0.005794854,0.9814198,0.0014097021,0.0014777764,0.003954878,0.0009438185,0.00084212405,0.002381928
3,3,0.0055311103,0.0044370242,0.024792105,0.91565496,0.009705114,0.008171474,0.012313449,0.0061453087,0.0051980265,0.008051527
3,3,0.003689044,0.003060129,0.0136585515,0.9487671,0.004149624,0.006696627,0.006989018,0.0052199885,0.002785,0.004985006
3,3,0.0021752915,0.0018293892,0.009548795,0.9661866,0.002870331,0.0035260366,0.0061982297,0.0024236937,0.0017762376,0.0034654282
3,3,0.0033513585,0.0037223278,0.014830599,0.94254816,0.005415805,0.0053813336,0.010108035,0.003923905,0.003798815,0.0069197034
7,4,0.074196555,0.06235069,0.029582249,0.036731932,0.4987608,0.112369426,0.030024486,0.063719176,0.07267299,0.019591745
7,5,0.037022118,0.035991196,0.03484011,0.04987607,0.17883366,0.29737997,0.029659817,0.27104574,0.034957513,0.030393852
7,7,0.007524124,0.03521158,0.009658661,0.028383467,0.03816759,0.023699153,0.023487953,0.81113046,0.005728677,0.017008372
7,7,0.0025700876,0.005612621,0.004928125,0.00653409,0.0041599125,0.0084185265,0.0027747194,0.9556792,0.0012382732,0.008084491
7,7,0.008985935,0.021102102,0.010207341,0.012326509,0.020609789,0.01719258,0.008610676,0.88096696,0.0037454164,0.016252754
7,7,0.03822497,0.02161434,0.0163121,0.026920091,0.03095536,0.08113637,0.013631189,0.73229057,0.015548066,0.023367053
7,7,0.0074259094,0.019767608,0.013450202,0.021681033,0.015530233,0.019048024,0.009191357,0.8776369,0.003433249,0.012835417
7,7,0.02201868,0.105686516,0.027862258,0.064955726,0.07714114,0.055526074,0.04391964,0.56239057,0.014646161,0.025853207
7,7,0.0071288254,0.02767936,0.010364415,0.017622625,0.028276552,0.019289844,0.017604541,0.8526134,0.005275439,0.014145025
7,7,0.027662328,0.114056215,0.059211113,0.023595091,0.27403456,0.01449784,0.031139646,0.37467754,0.014956367,0.066169314
7,7,0.039277628,0.081108324,0.04384956,0.025630815,0.15273362,0.07277871,0.040602513,0.42350772,0.03976546,0.080745645
7,7,0.0047936803,0.0049551725,0.0061671054,0.0069784466,0.0037849285,0.011567503,0.0019703226,0.94524556,0.0015851568,0.012952024
7,7,0.016748488,0.06175371,0.025292959,0.03449401,0.056850046,0.038433526,0.026380386,0.7028853,0.008576269,0.02858525
7,7,0.04619484,0.03213597,0.020056833,0.051001024,0.09269626,0.22306275,0.031032251,0.44348794,0.036087994,0.02424419
7,7,0.0048542446,0.0054675685,0.0055149063,0.0063587273,0.0047854627,0.012628305,0.003238919,0.94148946,0.002581725,0.013080683
7,7,0.026758224,0.035254672,0.026025528,0.049636204,0.037640788,0.065849766,0.01676001,0.71540034,0.008259714,0.018414684
7,7,0.021830492,0.041164175,0.022692403,0.042627648,0.037211448,0.046439327,0.020612746,0.73868424,0.009017111,0.019720467
9,9,0.017760945,0.023085028,0.029464988,0.019843088,0.0032768573,0.008454729,0.017200427,0.01245723,0.007765525,0.86069113
9,9,0.009642529,0.021833247,0.033213634,0.0422972,0.004067847,0.007732329,0.019550461,0.01492802,0.00730304,0.8394317
9,9,0.032950185,0.03053255,0.031102773,0.017657625,0.0035378642,0.010940296,0.018793175,0.011945475,0.011062936,0.8314771
9,9,0.0072514834,0.0136382785,0.020316092,0.011868932,0.001181872,0.0034332532,0.01111759,0.010561528,0.007916456,0.9127145
9,9,0.021252014,0.03847596,0.0359373,0.10338442,0.009229531,0.02150628,0.034782898,0.0292548,0.01775499,0.68842185
9,9,0.016263643,0.029542655,0.033302065,0.025089497,0.0038375624,0.009754944,0.018567747,0.015378353,0.009061279,0.83920217
2,7,0.054773368,0.07708868,0.1308162,0.07929091,0.04079759,0.09903902,0.02881963,0.2907676,0.0665426,0.13206442
2,7,0.029748425,0.02244261,0.06267223,0.06084657,0.025349136,0.080124095,0.013555444,0.63621956,0.020791745,0.0482502
2,7,0.024855413,0.03467177,0.12506595,0.28711432,0.03856805,0.075549394,0.017627245,0.3414966,0.020342428,0.034708764
2,2,0.03661621,0.047564488,0.40790543,0.06802434,0.053866234,0.061416134,0.018729882,0.20921351,0.043691847,0.052971948
2,2,0.008106308,0.040230557,0.52864736,0.035001133,0.030938867,0.049523458,0.00998957,0.21420671,0.043978818,0.03937725
2,5,0.026719112,0.030444246,0.19233578,0.055219773,0.04998247,0.31230658,0.022747139,0.23728724,0.054617878,0.018339757
2,2,0.023963682,0.06055345,0.37988168,0.06288606,0.035029594,0.073229626,0.016247818,0.24500233,0.049535904,0.053669874
9,2,0.05089804,0.06456909,0.22007866,0.090377375,0.052427735,0.035280526,0.024446981,0.122415245,0.19141318,0.14809321
9,9,0.10869412,0.02138004,0.03320757,0.0059331963,0.0041292324,0.018567752,0.016743867,0.034178894,0.0265263,0.730639
9,9,0.014328796,0.01651863,0.01305645,0.0034209513,0.00053214835,0.0036484129,0.0052499156,0.005636654,0.005408913,0.9321992
9,9,0.035231404,0.042805728,0.082718045,0.02025708,0.008247769,0.0089731645,0.021384038,0.028581336,0.017437218,0.73436415
9,9,0.0059886305,0.012206592,0.015755257,0.005416464,0.00068113167,0.0030175755,0.006582435,0.012408452,0.004058617,0.9338849
9,9,0.036961637,0.028085232,0.0263684,0.007492732,0.0024229963,0.011745502,0.011558592,0.015598279,0.011568055,0.8481986
9,9,0.01338346,0.01701245,0.01889868,0.007335601,0.0012241876,0.0054508466,0.010177571,0.015124131,0.007244516,0.9041486
9,9,0.022659635,0.013316683,0.022888072,0.008810129,0.0019669388,0.0062114876,0.012943802,0.013574287,0.009850944,0.887778
9,9,0.011194402,0.02174572,0.028126799,0.009114465,0.0017375605,0.004669718,0.0092437705,0.018294614,0.009151862,0.886721
9,9,0.011305067,0.012235104,0.014249564,0.0051004076,0.00064133,0.0029676699,0.0055697598,0.007425425,0.006509939,0.9339956
9,9,0.021413071,0.021053532,0.030895498,0.0052986327,0.0012143713,0.003704353,0.007520232,0.010427614,0.009148526,0.8893242
9,2,0.029894602,0.066909134,0.4326295,0.07482933,0.019871589,0.008569212,0.05059105,0.020272864,0.02174268,0.2746901
4,4,0.0036774327,0.009458283,0.007714868,0.007203862,0.9375201,0.007341103,0.008487605,0.0070983814,0.0103044035,0.0011939657
4,4,0.048921376,0.13091482,0.04621038,0.05814184,0.44015667,0.035254676,0.089112215,0.09551114,0.02920487,0.026571939
4,4,0.069018245,0.05047782,0.046810698,0.037855253,0.6268897,0.028825803,0.04776179,0.038894873,0.03539282,0.018073028
4,4,0.17016643,0.03082738,0.044475667,0.021369934,0.57514644,0.05634448,0.02198748,0.021632876,0.044596817,0.01345248
4,4,0.05046351,0.047808655,0.047982,0.043774407,0.6195816,0.03588954,0.047339037,0.03982506,0.047724374,0.019611832
4,4,0.02420609,0.03632298,0.032025605,0.022422642,0.74532944,0.032339465,0.029597301,0.032689467,0.035094902,0.009972183
4,4,0.07106036,0.033184323,0.030724559,0.018757712,0.6786742,0.055672057,0.021706918,0.028918976,0.04877787,0.012522989
3,3,0.00087347766,0.0006507697,0.005144201,0.98299384,0.00163552,0.001604632,0.0035720605,0.0010818898,0.0007285207,0.001715128
3,3,0.0042546936,0.005851047,0.015925923,0.9210254,0.01012757,0.0049648434,0.01617388,0.0037390385,0.0063482993,0.011589267
3,3,0.00077482784,0.0005859522,0.005123168,0.9845131,0.0014158518,0.0012998331,0.0033026217,0.00085940066,0.0006152538,0.0015099457
3,3,0.0051763165,0.005124893,0.032452673,0.8948071,0.020196766,0.0041242614,0.0154884895,0.004650954,0.008425927,0.009552681
3,3,0.014392214,0.04413634,0.04451757,0.73203295,0.04364532,0.013578287,0.032684274,0.011910475,0.029011087,0.0340915
3,3,0.0023118982,0.002414138,0.008395457,0.9537627,0.0050503938,0.0034954392,0.013072793,0.0019613546,0.0028133637,0.0067224433
3,3,0.003864645,0.0043953843,0.013723503,0.94098926,0.0065514203,0.003950281,0.012020363,0.001979643,0.004592107,0.007933473
3,3,0.0019088279,0.0019980972,0.008682206,0.9609892,0.004309161,0.0024663007,0.010677835,0.0014529467,0.0023219758,0.0051935865
1,1,0.028377231,0.7501706,0.0054147895,0.021319756,0.05850995,0.02282882,0.017849918,0.027487671,0.025236098,0.04280509
3,3,0.0042539486,0.004938239,0.015877726,0.93154204,0.008590791,0.004548014,0.013386607,0.002703264,0.00527358,0.00888587
5,7,0.019818772,0.04439975,0.029866667,0.049156208,0.054435506,0.24490052,0.041271105,0.48014414,0.013822813,0.022184422
5,7,0.01932847,0.049568575,0.027607564,0.046264622,0.058210567,0.17638958,0.0353146,0.5554928,0.012126885,0.01969634
5,5,0.015628042,0.023825815,0.012292468,0.031652257,0.041416984,0.59801936,0.036487624,0.20864272,0.02118938,0.010845474
5,5,0.026005214,0.12285228,0.0123712765,0.046266846,0.12019852,0.22549202,0.1802563,0.21520418,0.033679184,0.017674247
5,7,0.0325212,0.16016814,0.016611489,0.057722587,0.16622216,0.17377894,0.12214082,0.21991082,0.027253961,0.023669846
5,5,0.05548894,0.028899534,0.012144366,0.03200542,0.03042993,0.74243116,0.021215275,0.042929236,0.023606015,0.010850112
5,5,0.027507462,0.025134003,0.0057876925,0.033260893,0.017772436,0.7830651,0.026553256,0.06102298,0.011819053,0.008077219
5,5,0.008319358,0.0062229186,0.0023282815,0.011583036,0.008171314,0.91669,0.009697126,0.023873484,0.00999672,0.0031177518
5,5,0.028717283,0.012551558,0.0035034341,0.013836616,0.013816216,0.868117,0.012435983,0.018880334,0.022129063,0.0060126223
5,5,0.20015588,0.06343909,0.027245486,0.03242366,0.10268292,0.41692594,0.024916252,0.07616905,0.037932765,0.018108847
5,7,0.047722254,0.13368247,0.037694387,0.06359644,0.07154717,0.07467835,0.04162922,0.4435047,0.025354013,0.060591027
5,5,0.020467851,0.011626965,0.0039690714,0.019052234,0.011085707,0.85929465,0.017173372,0.037547633,0.014691133,0.005091346
6,6,0.002232493,0.0060432064,0.0049904115,0.021201625,0.01270439,0.00642782,0.9271394,0.0028217898,0.0038685626,0.012570283
3,3,0.0043144748,0.007269673,0.019418193,0.92170066,0.0068085203,0.0057703145,0.013623547,0.0044762962,0.0064039193,0.010214333
3,3,0.0041384655,0.005584865,0.017649874,0.92948866,0.0062253834,0.006002208,0.0128476685,0.0041585555,0.0052823965,0.008621861
3,3,0.0019925986,0.0027925347,0.009665576,0.95840365,0.0036612868,0.0038492002,0.008434648,0.002685848,0.0027979957,0.005716646
3,3,0.0061377124,0.0051539103,0.020297945,0.91806525,0.009003962,0.007795067,0.014062239,0.0068671536,0.0051616793,0.00745495
0,5,0.12604398,0.034772154,0.014856463,0.05425835,0.022455558,0.57454824,0.01814381,0.027273135,0.09644979,0.031198539
0,5,0.20814429,0.04447694,0.033572346,0.061067317,0.06994109,0.39024428,0.02976493,0.040387142,0.088849954,0.033551734
0,5,0.23904736,0.06254102,0.024080992,0.061566234,0.015906371,0.4622984,0.013842069,0.024160769,0.05887822,0.03767854
0,5,0.07748204,0.03238893,0.028070008,0.054751478,0.04301393,0.5536933,0.01924574,0.04243466,0.12244658,0.02647339
0,0,0.48416644,0.049474563,0.06091501,0.08286324,0.053602956,0.15120015,0.023124494,0.02140277,0.042653896,0.03059648
0,5,0.24334374,0.06050318,0.02068324,0.07138355,0.022431325,0.4493032,0.01601721,0.019199003,0.061800145,0.035335295
0,5,0.26029786,0.065728106,0.024576759,0.051537763,0.04067255,0.39319608,0.015613743,0.027524887,0.08249362,0.038358603
0,5,0.2590217,0.089229174,0.025409685,0.057011314,0.03633708,0.309131,0.020287743,0.033556603,0.12103045,0.048985325
0,5,0.2546966,0.07023915,0.017172923,0.046860896,0.023843117,0.3911069,0.016201051,0.02739201,0.10997595,0.042511437
0,5,0.20255461,0.043307625,0.018389093,0.045679346,0.01671214,0.5881692,0.012816882,0.020681784,0.030337853,0.021351526
0,5,0.15051255,0.033577245,0.012244102,0.046522733,0.01869065,0.60747623,0.015602221,0.019366406,0.07099242,0.025015451
0,5,0.10603067,0.026179444,0.0138416365,0.054537248,0.020702478,0.660787,0.0152083095,0.017755324,0.06642842,0.01852958
2,7,0.019561078,0.020218687,0.025459269,0.06764677,0.010084114,0.07048402,0.00861371,0.7215367,0.009299698,0.047095872
2,8,0.030972403,0.080904454,0.07592414,0.034303818,0.015850496,0.020449838,0.018084558,0.029977232,0.5714843,0.12204872
2,8,0.05221096,0.05897839,0.03918853,0.018184997,0.028465096,0.030365314,0.024210611,0.02430408,0.6391202,0.084971845
2,3,0.15877844,0.10038446,0.0927262,0.2454663,0.024107262,0.044205185,0.029235201,0.045249876,0.13889486,0.120952144
2,9,0.0498647,0.1617902,0.12901196,0.058031492,0.018244924,0.026409892,0.025088213,0.102970414,0.17003143,0.25855672
2,9,0.059512,0.11693426,0.17219277,0.057911918,0.019355766,0.027120024,0.020216437,0.13122746,0.09662037,0.298909
2,8,0.10433789,0.13562073,0.04065696,0.061323922,0.026645653,0.094020166,0.042464886,0.05013503,0.32285196,0.121942796
3,3,0.0012154379,0.0014128446,0.0049638855,0.9775534,0.0016538131,0.0027938,0.0042717755,0.0022983202,0.0011093057,0.0027274399
3,3,0.0012041267,0.0011016895,0.005143007,0.9799401,0.0015067806,0.0021724019,0.0042495676,0.0013934699,0.0010248077,0.002263944
3,3,0.0010482208,0.0011001672,0.004269717,0.9807068,0.0013524534,0.0023900329,0.00427216,0.001507733,0.00096590386,0.0023866883
3,3,0.0010451506,0.0015841166,0.0047512436,0.979329,0.0013927701,0.0022779005,0.0033709668,0.002443854,0.0010074223,0.0027975482
4,4,0.01960352,0.03515062,0.0633575,0.03510098,0.7024511,0.014616332,0.03448596,0.053861782,0.026896728,0.014475442
4,4,0.033016037,0.045002017,0.057183135,0.038879015,0.58002204,0.027712354,0.038456675,0.124336414,0.03066479,0.024727516
3,3,0.0010662901,0.0009414673,0.005719637,0.97641027,0.0026255625,0.001353871,0.0070083705,0.00094061106,0.0011877103,0.002746286
3,3,0.00070833345,0.00065032823,0.0035682519,0.9854995,0.0012773199,0.0013213983,0.0034739187,0.0010459892,0.00067393685,0.0017810023
3,3,0.0018923369,0.0012224611,0.007871773,0.97520655,0.0015280428,0.002602502,0.0053388313,0.0012108097,0.0009681181,0.0021585159
3,3,0.0010600131,0.00078394945,0.00589996,0.9827169,0.0013219808,0.00175264,0.0031725965,0.0012033501,0.0006436651,0.0014449969
3,3,0.0016303891,0.0021605603,0.008543663,0.9697807,0.0025857193,0.002619708,0.0052253217,0.0021400873,0.0018843296,0.0034294517
3,3,0.0020963128,0.002813776,0.010235431,0.9616026,0.00348234,0.0033937604,0.0064216857,0.0030195557,0.0024461923,0.0044883983
3,3,0.00212321,0.0026356427,0.011146223,0.9629929,0.0032627187,0.003072924,0.0055891625,0.002762487,0.0022846598,0.004130174
3,3,0.0021125444,0.0034137412,0.010690199,0.95815504,0.0034002862,0.0034545774,0.007295072,0.002951574,0.0027441757,0.0057828655
9,9,0.0056486535,0.022326289,0.021282978,0.0029000703,0.0002823823,0.0013747726,0.004231528,0.0037015087,0.0034812924,0.9347705
9,9,0.010710347,0.023407074,0.018164022,0.005841542,0.00058915955,0.004878106,0.006504929,0.0088419495,0.0072531295,0.9138097
9,9,0.007571862,0.023362141,0.03804076,0.014444154,0.0013628631,0.003975148,0.012078018,0.012048802,0.0073233517,0.879793
9,9,0.005088221,0.02819444,0.007643837,0.00551962,0.0002532294,0.0026765468,0.0024927245,0.0051692883,0.0044722804,0.93848985
9,9,0.034415554,0.07825086,0.027736299,0.0077653974,0.002803725,0.0071203965,0.008906075,0.020666063,0.017187003,0.7951486
9,9,0.042985756,0.19840273,0.080418326,0.013944999,0.020428015,0.011007596,0.023122981,0.09527503,0.03931191,0.47510275
9,9,0.09105576,0.075250335,0.055263236,0.03369124,0.024381327,0.028431436,0.037826907,0.06644744,0.047048453,0.5406039
9,9,0.012911853,0.026592035,0.029475236,0.0046464102,0.00068088004,0.0025914926,0.005550798,0.0057953065,0.0070342436,0.90472174
9,9,0.010793078,0.015582896,0.15672207,0.0021508466,0.0010803065,0.00091558247,0.009433072,0.008763437,0.0037224486,0.79083633
9,9,0.008501783,0.010104622,0.013095646,0.0037317588,0.0004216065,0.0021059446,0.00569945,0.0062099313,0.004249339,0.9458798
9,9,0.005550518,0.021649886,0.051720906,0.0020346798,0.00033377844,0.0007870407,0.003772546,0.0047882604,0.0038395857,0.9055229
9,9,0.023031034,0.039038327,0.052841704,0.012660759,0.0033012365,0.011626505,0.014715947,0.04222493,0.013540291,0.7870193
7,7,0.0020346413,0.0030148514,0.002707833,0.0041893465,0.0023192596,0.008188118,0.0019386276,0.96662384,0.0010744393,0.007909068
7,7,0.0028635229,0.003996123,0.0037990708,0.005205566,0.003276005,0.010055028,0.0022314978,0.9584122,0.0012676112,0.008893499
7,7,0.009081952,0.01415186,0.011224141,0.016080277,0.013968144,0.027008595,0.009565628,0.8730931,0.005406921,0.02041941
7,7,0.014332537,0.032377172,0.02587255,0.035133235,0.03280463,0.043667782,0.021476587,0.74924797,0.0114543075,0.033633158
7,7,0.012825287,0.02153623,0.018919306,0.035794653,0.033434376,0.074755,0.020651232,0.74267036,0.011035683,0.02837785
7,7,0.010535839,0.014340297,0.012618697,0.01922678,0.015543342,0.036283407,0.011132373,0.8466398,0.008095244,0.025584137
7,7,0.022562156,0.035860594,0.026811773,0.052579314,0.048701294,0.08787845,0.035559222,0.6318422,0.01923081,0.038974214
7,7,0.011032046,0.021798622,0.019912688,0.026687581,0.021889653,0.044895254,0.018663803,0.8016541,0.009190887,0.024275316
7,7,0.0051788287,0.0063528894,0.0056840484,0.009737623,0.0059523727,0.01948302,0.0074742767,0.91777456,0.005614037,0.016748412
7,7,0.014688482,0.011105496,0.01036364,0.018975671,0.017080171,0.06265554,0.010116459,0.8327725,0.008744026,0.013498101
1,1,0.0056130965,0.9001599,0.0037966934,0.00566133,0.0033146688,0.005117877,0.0033665092,0.0059785075,0.010030819,0.056960583
3,8,0.09223733,0.05719796,0.018136378,0.084151976,0.012231722,0.026599113,0.012288171,0.015505936,0.6205762,0.06107523
3,8,0.087512724,0.043720707,0.006775476,0.046427276,0.0078986315,0.03795227,0.009034955,0.01517794,0.6810232,0.064476795
3,3,0.03937983,0.04543415,0.06427533,0.6695223,0.027108891,0.012812071,0.022529263,0.013523983,0.07175852,0.03365576
3,3,0.05530466,0.06859517,0.03344011,0.3460997,0.018151218,0.031597283,0.028084837,0.022142047,0.30673283,0.08985223
6,6,0.0034701237,0.009866235,0.0066687814,0.014405997,0.012705744,0.013360109,0.9059286,0.0054893475,0.016288824,0.011816268
6,6,0.0006800071,0.0020718148,0.0021483207,0.007372665,0.0031997631,0.0041804165,0.9707883,0.00093533256,0.0041453685,0.0044780485
8,8,0.0100546945,0.009110168,0.005669612,0.00421734,0.006291416,0.017121939,0.00463342,0.0040889005,0.92879325,0.010019197
8,8,0.006896814,0.005227117,0.003654934,0.0017579179,0.002821572,0.009986465,0.0023219201,0.0024092835,0.9561427,0.008781324
8,8,0.02274391,0.010187049,0.005715613,0.004495665,0.005806825,0.0211078,0.0046756705,0.007172999,0.8954539,0.022640543
8,8,0.020018345,0.009800364,0.005582324,0.0043540187,0.0050076963,0.018199096,0.0048620603,0.0064698444,0.90502775,0.020678509
8,8,0.011801604,0.0071338927,0.004177073,0.003174763,0.004099497,0.01465511,0.0041861515,0.004112617,0.9350924,0.011566963
8,8,0.013745903,0.008732442,0.006211581,0.00405959,0.0049205367,0.016608197,0.0051420312,0.00597297,0.9184654,0.016141444
8,8,0.014353143,0.008043271,0.006850352,0.0039608474,0.0058880486,0.020356184,0.0048259716,0.0076306495,0.90999895,0.018092588
8,8,0.0058649937,0.0036036596,0.0026898636,0.0013642657,0.0020551027,0.008601794,0.0019374044,0.0022261066,0.9641512,0.0075056194
8,8,0.0040750406,0.0023252852,0.0011717898,0.0008212311,0.0011701348,0.005783413,0.0011712267,0.0010232639,0.9785831,0.0038755215
1,2,0.02105895,0.0791524,0.55090433,0.030266743,0.020931166,0.019075701,0.023038035,0.068944834,0.042746335,0.1438815
1,1,0.01664512,0.6504559,0.041373815,0.020941868,0.012824425,0.014774005,0.018677752,0.029667199,0.038647078,0.15599288
1,1,0.013638519,0.7873676,0.011237763,0.014247245,0.00851366,0.011508319,0.009465023,0.013902243,0.026581528,0.103538044
1,1,0.017771546,0.7391408,0.011457168,0.018513022,0.006845423,0.014608789,0.0092624845,0.012184489,0.038335625,0.13188061
1,1,0.006606321,0.7996253,0.012443927,0.012049709,0.0047789374,0.00758473,0.0069700964,0.011360891,0.016476778,0.122103296
1,1,0.00513752,0.82672024,0.00934508,0.01027358,0.0041093025,0.0065928544,0.005949973,0.009195979,0.012732733,0.1099427
1,1,0.016474206,0.79298174,0.00816706,0.018281907,0.013810867,0.014409181,0.011778019,0.014120568,0.029826473,0.08015007
1,1,0.022588579,0.71621656,0.014278051,0.022732973,0.0144634405,0.013823049,0.016046848,0.018422544,0.058193784,0.10323417
1,1,0.019921051,0.6878015,0.017606491,0.028419767,0.010098569,0.015692554,0.013262405,0.017218092,0.053333595,0.13664602
1,1,0.006419329,0.8802713,0.0057755923,0.00646453,0.0046713105,0.0054991175,0.0046898127,0.00786704,0.011732026,0.06660998
1,1,0.0041845115,0.91665775,0.0031942562,0.003694356,0.0020619105,0.0034947265,0.0024211027,0.003958075,0.007846131,0.052487135
3,2,0.0037870388,0.00528044,0.7875596,0.1313989,0.027462954,0.004412361,0.011956602,0.00845854,0.0062319124,0.013451583
3,2,0.0029724145,0.006481645,0.7194709,0.17088509,0.04378571,0.0050478214,0.013393882,0.013229783,0.010341191,0.014391442
3,3,0.0047064815,0.00873258,0.13082659,0.767781,0.03175042,0.009727837,0.017737137,0.0066692038,0.010810856,0.011257846
3,3,0.009926141,0.0065585203,0.059890956,0.85310477,0.01735373,0.008586891,0.01620458,0.0132864835,0.005924132,0.009163788
2,2,0.021561628,0.023591414,0.4853824,0.11291671,0.095802374,0.013994298,0.11408324,0.021659577,0.023794968,0.08721334
2,6,0.041237105,0.046708703,0.22058186,0.043812234,0.124784306,0.014821154,0.34920332,0.03096918,0.02775514,0.100126944
2,6,0.06719382,0.030451482,0.17850849,0.09175403,0.038438946,0.0675799,0.27089584,0.0624976,0.03334145,0.1593384
2,9,0.07517987,0.027728288,0.3150459,0.03237171,0.013120998,0.02751471,0.073925264,0.04142857,0.02332452,0.3703602
2,9,0.032005604,0.037555855,0.15760541,0.017752288,0.00884966,0.010138302,0.032908585,0.06923011,0.020059787,0.61389434
2,9,0.04428518,0.06256739,0.047989562,0.0414522,0.00865317,0.0855121,0.03273518,0.1688464,0.03424163,0.47371715
3,3,0.0036868013,0.0040164264,0.022974914,0.9296402,0.006602435,0.0031899577,0.01427684,0.0023057486,0.0038866943,0.009419988
3,3,0.0015548726,0.0020610946,0.010910245,0.9670251,0.0030256214,0.0024730933,0.005837338,0.0017634262,0.0016602699,0.0036889962
3,3,0.004219247,0.004393174,0.020766247,0.9340058,0.0053215707,0.0054098708,0.010364573,0.0036401069,0.0035257076,0.00835377
3,3,0.0025747872,0.0023665326,0.01220822,0.9592079,0.0034874545,0.0044456376,0.006875538,0.0028243333,0.0020795856,0.0039300313
9,9,0.016827853,0.03553389,0.058912426,0.0086554745,0.0016657147,0.003831226,0.012817295,0.010551362,0.010538214,0.84066653
9,9,0.022776043,0.060858898,0.16405149,0.012356304,0.0029196704,0.0045191874,0.012108346,0.020042269,0.0133904,0.6869774
9,9,0.004341875,0.021318473,0.030340733,0.0061190096,0.00061729585,0.0022957725,0.0071073263,0.010583227,0.0036071702,0.9136691
9,9,0.016558329,0.028714921,0.040970154,0.01155483,0.0018156961,0.0061572795,0.010956536,0.0167007,0.011065947,0.8555057
9,9,0.018991556,0.041441564,0.077878095,0.014823792,0.004256734,0.0054271994,0.018784234,0.02522182,0.01713433,0.7760408
9,9,0.045631353,0.19870816,0.074032396,0.10238331,0.06187676,0.076461665,0.09078255,0.0828576,0.04592375,0.22134252
9,9,0.018477317,0.051802307,0.045274045,0.03651653,0.0066407663,0.02765467,0.042246647,0.033019364,0.011398796,0.72696954
0,9,0.008964631,0.031624828,0.33661953,0.03208488,0.02184914,0.006267053,0.045013484,0.033298146,0.020004341,0.46427396
0,9,0.0042797984,0.014228153,0.021197766,0.0029338882,0.00027822406,0.0016981709,0.0033987528,0.014468074,0.003535057,0.93398213
0,9,0.0075739897,0.010260769,0.014444609,0.003545782,0.0003975028,0.0030735112,0.0057978993,0.008862448,0.005247655,0.94079584
0,9,0.010124449,0.033726968,0.18349516,0.005952736,0.002140837,0.0043887473,0.010685832,0.011941473,0.009578938,0.7279648
0,9,0.00881315,0.029264862,0.1550498,0.012248467,0.0042808163,0.0048497827,0.01878881,0.02370125,0.014485198,0.7285179
0,9,0.017210541,0.046942003,0.06052206,0.03338398,0.005401031,0.027738737,0.026414298,0.04916239,0.022022901,0.71120214
0,9,0.011476227,0.015607257,0.029600585,0.008367294,0.0011564073,0.007262283,0.012090209,0.013177984,0.0077036717,0.8935581
0,9,0.0059550786,0.018583858,0.25531614,0.004814145,0.0020191597,0.0015452738,0.010971399,0.014441925,0.01111666,0.67523634
0,9,0.009441756,0.013383321,0.042617224,0.0030550442,0.0007331791,0.0026117351,0.007645106,0.010013169,0.006953334,0.9035462
0,9,0.0051442916,0.008450258,0.019746592,0.00280004,0.0003430424,0.0016422977,0.0060023875,0.008304604,0.0033366005,0.94422984
0,9,0.0074505047,0.027796369,0.05665385,0.010087697,0.0010624186,0.0037819846,0.012498607,0.0131007135,0.0069362014,0.8606317
0,9,0.012682794,0.01970233,0.0305645,0.008391361,0.0010827931,0.0071246824,0.011324632,0.013639085,0.00934146,0.88614637
0,9,0.009694219,0.013943477,0.0116502885,0.0051716603,0.00048547983,0.005807123,0.0063526817,0.0153389145,0.0066781337,0.92487806
0,9,0.02505804,0.046313275,0.21477184,0.013916897,0.005797791,0.013257378,0.027471052,0.018959522,0.019832028,0.61462224
0,9,0.008543095,0.048496008,0.08583178,0.007318919,0.0011640507,0.005119386,0.00955291,0.015999513,0.013913288,0.80406106
0,9,0.011964399,0.020149982,0.111545436,0.0033479664,0.0018953815,0.004064479,0.009511555,0.010689315,0.009779125,0.8170524
0,9,0.008618644,0.008407721,0.035958733,0.0039337953,0.00074731914,0.0022599713,0.008272048,0.005814155,0.0049761417,0.92101145
0,9,0.022581002,0.017439475,0.035546843,0.0056888834,0.0015148475,0.0060917847,0.010914681,0.020719258,0.008922671,0.87058055
0,9,0.013081805,0.02049121,0.09630706,0.006808131,0.002366199,0.0035128572,0.01555327,0.014877098,0.010680027,0.8163223
0,9,0.013754215,0.030656518,0.056791417,0.005891548,0.001246407,0.0036524143,0.010395319,0.009716517,0.008565054,0.85933065
0,9,0.01851071,0.018355587,0.030091459,0.005764431,0.001228877,0.0057850964,0.0107561955,0.011273772,0.009285375,0.8889485
0,9,0.020994944,0.036462728,0.027334776,0.017591525,0.0020741115,0.022090977,0.018544074,0.03163501,0.013932173,0.80933964
0,9,0.009590472,0.037242386,0.11923223,0.0067705004,0.0018592358,0.0023239495,0.009734433,0.017316565,0.007975276,0.787955
0,9,0.0045267264,0.009220362,0.025431901,0.0035997601,0.00037200656,0.0015735737,0.0050719297,0.0052227164,0.0034231392,0.9415578
0,9,0.0068715694,0.009691927,0.039392613,0.0030920147,0.00057965383,0.0015451753,0.007163994,0.0054375,0.004024481,0.92220104
0,9,0.011178898,0.025874656,0.3715987,0.018410306,0.01672431,0.006167101,0.024960069,0.040223148,0.02214247,0.46272033
0,9,0.005340991,0.028877832,0.1682296,0.007451166,0.0015886581,0.0020979862,0.0116524175,0.012458652,0.00800266,0.75430006
0,9,0.015680248,0.031738188,0.09099601,0.0073236474,0.002551877,0.005210033,0.015982227,0.02244245,0.011665459,0.7964098
0,2,0.014511085,0.012377873,0.59257275,0.014294905,0.04939326,0.0037010675,0.029939868,0.02372959,0.020832317,0.23864728
0,9,0.010320588,0.034790076,0.14966077,0.0060965903,0.0013660118,0.0022792574,0.008130931,0.012163593,0.006604143,0.768588
0,9,0.004505602,0.014675176,0.15717106,0.0023305353,0.0011282767,0.0011018511,0.0058905752,0.008474097,0.006006908,0.79871595
4,4,0.00498532,0.002966293,0.031383485,0.0130912755,0.91959375,0.0032281515,0.008157154,0.0033551974,0.01158473,0.0016545348
4,4,0.012713738,0.00873601,0.15559426,0.067588896,0.6702956,0.0059580402,0.030496063,0.0129048545,0.026578143,0.009134433
4,4,0.020747898,0.017942544,0.069792286,0.055155877,0.71040416,0.020959927,0.028102221,0.019703416,0.04706722,0.010124572
4,4,0.0070109395,0.007684683,0.052740574,0.019035043,0.8565173,0.006394712,0.016720742,0.009477392,0.019556394,0.004862217
4,4,0.019835634,0.021343634,0.116143204,0.088207506,0.57207006,0.025000243,0.041249126,0.02944449,0.068156034,0.018550081
4,4,0.012942061,0.009054979,0.06377799,0.038617935,0.8024249,0.009185031,0.020946227,0.010095486,0.02730442,0.005650941
4,4,0.008638237,0.007992016,0.04837875,0.0222721,0.85848427,0.0055494476,0.018685492,0.008737182,0.016961206,0.0043012747
4,4,0.015459149,0.016696792,0.16794243,0.075285435,0.59405196,0.008874554,0.05216295,0.023495086,0.030820794,0.01521084
4,4,0.008468515,0.0057624406,0.03894046,0.018124139,0.88654494,0.0044271713,0.014194922,0.0060385396,0.014317296,0.0031816303
4,4,0.012869099,0.01435573,0.047447257,0.029923849,0.8205502,0.009150583,0.024616705,0.014274161,0.021202529,0.0056099007
4,4,0.009579463,0.010137999,0.07087127,0.033540823,0.7921964,0.008768513,0.025348352,0.012619189,0.029121395,0.007816691
4,4,0.010231559,0.009129727,0.048707575,0.032223,0.8386723,0.0069141057,0.019936433,0.009442774,0.020381851,0.0043607317
4,4,0.0037306019,0.006066986,0.023931194,0.013269625,0.9211472,0.0031183918,0.012997415,0.0055277823,0.008477428,0.0017333861
4,4,0.014016787,0.016333565,0.0760927,0.054366913,0.7337719,0.010488207,0.034579635,0.019715047,0.030552361,0.010082942
4,2,0.028581288,0.014010495,0.4298433,0.08914038,0.28328,0.02401888,0.023349022,0.052168913,0.034141958,0.021465875
4,4,0.008639121,0.009109076,0.058893412,0.02520958,0.8386323,0.004864625,0.023371574,0.00972075,0.016198102,0.0053614755
2,9,0.0016063312,0.0052201417,0.011797886,0.0018680573,7.070449e-05,0.0005480959,0.002781838,0.0028585321,0.0016444878,0.97160393
2,9,0.013243079,0.06698094,0.17916928,0.1667714,0.014048869,0.012660393,0.038236704,0.019238647,0.021455426,0.46819517
2,9,0.0036472408,0.023670787,0.15028998,0.0070227794,0.00083440164,0.0011720471,0.009630966,0.009178428,0.0066212704,0.78793216
2,9,0.006210777,0.023567986,0.047118157,0.007155272,0.00080868264,0.0025515282,0.008519012,0.008824723,0.0060945167,0.8891494
2,2,0.015863577,0.021269958,0.54184806,0.0069486275,0.0076797237,0.008658669,0.013339121,0.03204206,0.013157766,0.33919248
2,9,0.0051311296,0.01800956,0.084179156,0.0025933967,0.000602454,0.0013818219,0.0062595136,0.004876207,0.0061184065,0.8708483
2,2,0.0069816024,0.011234327,0.82372856,0.0054382985,0.005469311,0.0012940278,0.008636825,0.013740787,0.005599663,0.11787652
2,2,0.003316922,0.0035528275,0.9450974,0.003976393,0.007147589,0.0012494198,0.005253651,0.01027782,0.00337409,0.016754014
0,5,0.015242942,0.013339016,0.013836633,0.014693741,0.04063156,0.76524067,0.009929031,0.111156516,0.013502425,0.0024275596
0,5,0.011178191,0.010720823,0.013116818,0.00973705,0.039762672,0.8215367,0.008872038,0.06755731,0.01527963,0.0022387418
0,5,0.012443391,0.011245619,0.013699353,0.013548812,0.03846876,0.79696697,0.011996441,0.08250874,0.016470207,0.0026516975
0,5,0.01179967,0.011547637,0.01568825,0.0115812365,0.059496507,0.74686253,0.010911246,0.10981059,0.019596701,0.0027056378
0,5,0.018267633,0.014305881,0.016814843,0.013605246,0.054240864,0.7475828,0.011855531,0.09960558,0.02049692,0.003224752
2,3,0.07880954,0.02111897,0.37488225,0.38466015,0.036874842,0.009096877,0.035068892,0.012622514,0.019367343,0.027498662
2,2,0.057016704,0.011987761,0.7797706,0.05058521,0.010585156,0.001536306,0.02204393,0.009972191,0.0052254703,0.051276673
2,2,0.041714236,0.014555611,0.7246747,0.12415549,0.014684508,0.0017367593,0.029867869,0.0045568645,0.0106258,0.033428255
2,2,0.06510564,0.033630364,0.5120164,0.15055689,0.04694202,0.0040920745,0.047613043,0.014775929,0.026171355,0.09909628
2,2,0.017921444,0.011819123,0.6433367,0.21686749,0.039067585,0.0041175466,0.024438867,0.00932084,0.013172871,0.01993753
2,2,0.05788196,0.0143985655,0.6446989,0.17816529,0.028535007,0.004654068,0.026500516,0.011502551,0.009255221,0.024407936
2,2,0.025768662,0.010436935,0.762447,0.13110353,0.013306756,0.0035346001,0.020569757,0.009035714,0.0051013576,0.018695636
2,2,0.16724114,0.024011515,0.5133436,0.14844584,0.026169647,0.006526913,0.050243884,0.0137990415,0.0143701,0.035848297
1,1,0.008177247,0.8886499,0.006207694,0.007751655,0.010060574,0.007839006,0.006747506,0.014867039,0.011171548,0.03852794
3,3,0.0034681265,0.0037117691,0.012504535,0.9414363,0.008111889,0.0039201514,0.012188012,0.0031609198,0.0046381894,0.006860106
5,5,0.0021418878,0.0012507414,0.000644302,0.0040964643,0.0011511585,0.98133457,0.0019902673,0.0042403596,0.0025061872,0.0006441005
5,5,0.0018765704,0.0012195441,0.00077255466,0.004500295,0.0010605581,0.98064274,0.002003625,0.004690292,0.0025279906,0.0007058251
5,5,0.003436699,0.002197246,0.0014545779,0.00665298,0.0022319467,0.9689187,0.0026463673,0.007736948,0.003511509,0.0012129381
5,7,0.1809145,0.04974037,0.05844413,0.06630094,0.086407535,0.1717748,0.020704703,0.3277616,0.02252772,0.01542378
5,5,0.20523143,0.06090338,0.04602554,0.0565365,0.15584335,0.25679824,0.02732318,0.13362932,0.04244435,0.015264679
5,5,0.15297557,0.06565825,0.06487193,0.08389307,0.17032488,0.22274625,0.036794905,0.12483346,0.05555886,0.02234284
5,5,0.1102853,0.046463996,0.031946234,0.047293466,0.10142752,0.52059144,0.022332875,0.057803072,0.04331294,0.018543087
5,5,0.13381572,0.05807307,0.04823925,0.050872125,0.13589579,0.3798415,0.027230367,0.10808337,0.042195804,0.01575298
5,5,0.067596406,0.033838525,0.031095494,0.038996745,0.10271617,0.5603975,0.024648074,0.07120229,0.05556517,0.013943576
3,3,0.0049020504,0.0062205833,0.0141960075,0.92497945,0.0070254127,0.007600858,0.010167844,0.0080107115,0.006315682,0.010581427
3,0,0.30368248,0.06005331,0.022940695,0.22386518,0.036101718,0.045266196,0.01360399,0.053035833,0.20460458,0.036846023
3,3,0.0110732475,0.008979772,0.02304435,0.8966077,0.010073144,0.009757798,0.010789028,0.011573437,0.0095107015,0.008590723
3,3,0.029021785,0.051999472,0.06081594,0.51440495,0.047701567,0.047143895,0.04671395,0.03486988,0.11196128,0.055367302
4,4,0.022172762,0.030487426,0.023581306,0.03147006,0.7821438,0.023880111,0.026856774,0.022267872,0.030680226,0.0064597027
4,4,0.004728868,0.01918314,0.043912806,0.08795444,0.7227793,0.0071596242,0.06680377,0.020608589,0.017837347,0.009032061
8,8,0.0737251,0.084093094,0.009980452,0.043755222,0.012866217,0.058964442,0.014972763,0.015735863,0.6327304,0.053176515
8,8,0.027332911,0.046371467,0.007868082,0.015297925,0.0050397445,0.023539247,0.011967744,0.0071650567,0.8240035,0.03141425
8,8,0.018043524,0.02217791,0.0036559203,0.0070530525,0.0025927005,0.014481097,0.006238452,0.0037191971,0.9049297,0.017108396
8,8,0.04355591,0.121474504,0.011538213,0.03641675,0.0040411456,0.021720005,0.013488373,0.009025189,0.67298305,0.06575683
8,8,0.03243293,0.06024211,0.013841838,0.018569322,0.0159928,0.029937657,0.03752759,0.015077759,0.73765457,0.038723413
9,9,0.053204276,0.18525466,0.02868619,0.03880079,0.010627364,0.048910473,0.015644912,0.031247584,0.026186494,0.5614372
9,9,0.061275084,0.23420973,0.029377494,0.05071471,0.011651552,0.043012455,0.016448788,0.019261803,0.057822637,0.47622576
9,9,0.056400515,0.116847254,0.057024296,0.023558233,0.0056520943,0.021454964,0.014427068,0.022611346,0.03199254,0.65003175
9,9,0.013062871,0.024034215,0.0146944625,0.010630927,0.00097305205,0.0067196637,0.0055185906,0.008461037,0.005365408,0.91053975
9,9,0.079546176,0.044837076,0.021750623,0.033955395,0.010066713,0.08000247,0.024741545,0.03937979,0.029663838,0.63605636
9,0,0.21112445,0.06292602,0.04875168,0.06633247,0.08614159,0.20220602,0.03188885,0.12948948,0.07150566,0.0896338
